Settlement Report Date,07/2025
Report Reference,MMSDO_P_202507_EP113200
Merchant ID,217120000002167096846
External MID,EP113200
Merchant Name,"FEI FEI CRAB HOUSE RESTAURANT"
Merchant Company Name,FEI FEI CRAB HOUSE SDN BHD

Merchant Monthly Settlement Report Detailed for E-WALLET Payment

No,Settlement Date,Transaction Datetime,Shop/Outlet Name,Shop/Outlet Location,Transaction Reference,Merchant Reference,Transaction Type,Transaction Amount (RM),Commission Amount (RM),Commission GST (RM),Settlement Amount (RM),Payment Details,Settlement Mode
1,02/07/2025,01/07/2025 13:03:35,"FEI FEI CRAB RESTAURANT SUTERA BRANCH",,20250701211212800100171139491495567,20250701HLBBMYKL030OQR00901468,DUITNOW_QR_AQC,152.7,0,0,152.7,"",Settlement to Bank T+1
2,02/07/2025,01/07/2025 13:32:43,"FEI FEI CRAB RESTAURANT SUTERA BRANCH",,20250701211212800100171398092066281,20250701ALPCSGSG031OQR90385560,DUITNOW_QR_AQC_CB,79.9,0,0,79.9,"",Settlement to Bank T+1
3,02/07/2025,01/07/2025 14:41:22,"FEI FEI CRAB RESTAURANT SUTERA BRANCH",,20250701211212800100171754491502006,20250701PBBEMYKL030OQR14451594,DUITNOW_QR_AQC,103,0,0,103,"",Settlement to Bank T+1
4,02/07/2025,01/07/2025 16:49:34,"FEI FEI CRAB RESTAURANT SUTERA BRANCH",,20250701211212800100171293591292152,20250701BOSTMYNB030OQR62864555,DUITNOW_QR_AQC,37.5,0,0,37.5,"",Settlement to Bank T+1
5,02/07/2025,01/07/2025 17:20:14,"FEI FEI CRAB RESTAURANT SUTERA BRANCH",,20250701211212800100171267091784344,20250701TNGDMYNB030OQR55p2v25q,DUITNOW_QR_TNGD,291,0,0,291,"",Settlement to Bank T+1
6,02/07/2025,01/07/2025 18:12:04,"FEI FEI CRAB HOUSE RESTAURANT",,20250701211212800100171025692298502,20250701TNGDMYNB030OQReeb53lw0,DUITNOW_QR_TNGD,354,0,0,354,"",Settlement to Bank T+1
7,02/07/2025,01/07/2025 19:58:54,"FEI FEI CRAB RESTAURANT SUTERA BRANCH",,20250701211212800100171725992190648,20250701MBBEMYKL030OQR75851791,DUITNOW_QR_AQC,118.7,0,0,118.7,"",Settlement to Bank T+1
8,02/07/2025,01/07/2025 20:05:26,"FEI FEI CRAB HOUSE RESTAURANT",,20250701211212800100171513091579077,20250701TNGDMYNB030OQRj78503qo,DUITNOW_QR_TNGD,251.7,0,0,251.7,"",Settlement to Bank T+1
9,02/07/2025,01/07/2025 20:49:01,"FEI FEI CRAB HOUSE RESTAURANT",,20250701211212800100171979491241040,20250701TNGDMYNB030OQR4209hy11,DUITNOW_QR_TNGD,278.3,0,0,278.3,"",Settlement to Bank T+1
10,02/07/2025,01/07/2025 20:49:46,"FEI FEI CRAB RESTAURANT SUTERA BRANCH",,20250701211212800100171324391796247,20250701TNGDMYNB030OQRdd1b3ai2,DUITNOW_QR_TNGD,157.9,0,0,157.9,"",Settlement to Bank T+1
11,02/07/2025,01/07/2025 21:28:16,"FEI FEI CRAB RESTAURANT SUTERA BRANCH",,20250701211212800100171279091549509,20250701TNGDMYNB030OQR32xjq831,DUITNOW_QR_TNGD,172,0,0,172,"",Settlement to Bank T+1
12,02/07/2025,01/07/2025 22:12:46,"FEI FEI CRAB HOUSE RESTAURANT",,20250701211212800100171696691845578,20250701TNGDMYNB030OQRhvqjsh7z,DUITNOW_QR_TNGD,219,0,0,219,"Dinner",Settlement to Bank T+1
13,03/07/2025,02/07/2025 12:03:09,"FEI FEI CRAB HOUSE RESTAURANT",,20250702211212800100171769792327784,20250702TNGDMYNB030OQR9kq91k26,DUITNOW_QR_TNGD,144.4,0,0,144.4,"",Settlement to Bank T+1
14,03/07/2025,02/07/2025 14:25:09,"FEI FEI CRAB HOUSE RESTAURANT",,20250702211212800100171822091972384,20250702TNGDMYNB030OQR4wc9q1sm,DUITNOW_QR_TNGD,15.7,0,0,15.7,"",Settlement to Bank T+1
15,03/07/2025,02/07/2025 16:58:50,"FEI FEI CRAB RESTAURANT SUTERA BRANCH",,20250702211212800100171446992165196,20250702TNGDMYNB030OQRly3d39x1,DUITNOW_QR_TNGD,187.9,0,0,187.9,"",Settlement to Bank T+1
16,03/07/2025,02/07/2025 17:55:54,"FEI FEI CRAB RESTAURANT SUTERA BRANCH",,20250702211212800100171616890919959,20250702TNGDMYNB030OQR5lybs041,DUITNOW_QR_TNGD,122.3,0,0,122.3,"",Settlement to Bank T+1
17,03/07/2025,02/07/2025 19:32:42,"FEI FEI CRAB RESTAURANT SUTERA BRANCH",,20250702211212800100171403492294438,20250702PBBEMYKL030OQR19360532,DUITNOW_QR_AQC,123.2,0,0,123.2,"",Settlement to Bank T+1
18,03/07/2025,02/07/2025 20:00:30,"FEI FEI CRAB RESTAURANT SUTERA BRANCH",,20250702211212800100171867492099962,20250702TNGDMYNB030OQR6z63ah8o,DUITNOW_QR_TNGD,95.8,0,0,95.8,"",Settlement to Bank T+1
19,03/07/2025,02/07/2025 20:02:35,"FEI FEI CRAB HOUSE RESTAURANT",,20250702211212800100171888492102959,20250702TNGDMYNB030OQRc1602tpg,DUITNOW_QR_TNGD,26.7,0,0,26.7,"",Settlement to Bank T+1
20,03/07/2025,02/07/2025 20:24:47,"FEI FEI CRAB RESTAURANT SUTERA BRANCH",,20250702211212800100171436691169199,20250702TNGDMYNB030OQRaa10k013,DUITNOW_QR_TNGD,660.6,0,0,660.6,"",Settlement to Bank T+1
21,03/07/2025,02/07/2025 20:28:52,"FEI FEI CRAB RESTAURANT SUTERA BRANCH",,20250702211212800100171803992269789,20250702TNGDMYNB030OQRr2q616z0,DUITNOW_QR_TNGD,241.1,0,0,241.1,"Ives",Settlement to Bank T+1
22,03/07/2025,02/07/2025 20:35:48,"FEI FEI CRAB RESTAURANT SUTERA BRANCH",,20250702211212800110171993927261103,wjdz6rs5,PAYMENT,258.6,0,0,258.6,"",Settlement to Bank T+1
23,03/07/2025,02/07/2025 20:38:38,"FEI FEI CRAB RESTAURANT SUTERA BRANCH",,20250702211212800100171820592052592,20250702CIBBMYKL030OQR08060538,DUITNOW_QR_AQC,175.2,0,0,175.2,"",Settlement to Bank T+1
24,03/07/2025,02/07/2025 20:39:14,"FEI FEI CRAB RESTAURANT SUTERA BRANCH",,20250702211212800110171991627292499,ml83ms8a,PAYMENT,9,0,0,9,"",Settlement to Bank T+1
25,03/07/2025,02/07/2025 21:00:06,"FEI FEI CRAB RESTAURANT SUTERA BRANCH",,20250702211212800100171113491935312,20250702TNGDMYNB030OQR1k0s70f9,DUITNOW_QR_TNGD,262.7,0,0,262.7,"",Settlement to Bank T+1
26,03/07/2025,02/07/2025 21:00:24,"FEI FEI CRAB RESTAURANT SUTERA BRANCH",,20250702211212800100171111491923348,20250702TNGDMYNB030OQR0wc345j2,DUITNOW_QR_TNGD,192.9,0,0,192.9,"",Settlement to Bank T+1
27,03/07/2025,02/07/2025 21:03:30,"FEI FEI CRAB RESTAURANT SUTERA BRANCH",,20250702211212800100171662891322376,20250702TNGDMYNB030OQRlh1109th,DUITNOW_QR_TNGD,246.1,0,0,246.1,"",Settlement to Bank T+1
28,03/07/2025,02/07/2025 21:26:58,"FEI FEI CRAB HOUSE RESTAURANT",,20250702211212800100171187592733120,20250702CIBBMYKL030OQR08529660,DUITNOW_QR_AQC,115.5,0,0,115.5,"",Settlement to Bank T+1
29,03/07/2025,02/07/2025 23:10:04,"FEI FEI CRAB HOUSE RESTAURANT",,20250702211212800100171867792115857,20250702TNGDMYNB030OQRn777jfjp,DUITNOW_QR_TNGD,399.6,0,0,399.6,"",Settlement to Bank T+1
30,04/07/2025,03/07/2025 12:46:16,"FEI FEI CRAB RESTAURANT SUTERA BRANCH",,20250703211212800100171314391885737,20250703TNGDMYNB030OQRe32787ry,DUITNOW_QR_TNGD,338.6,0,0,338.6,"",Settlement to Bank T+1
31,04/07/2025,03/07/2025 17:43:03,"FEIFEICRABHOUSERESTAUR",,20250703211212800100171042691329412,20250703MBBEMYKL030OQR83187433,DUITNOW_QR_AQC,100,0,0,100,"",Settlement to Bank T+1
32,04/07/2025,03/07/2025 20:43:25,"FEI FEI CRAB HOUSE RESTAURANT",,20250703211212800100171016092022963,20250703TNGDMYNB030OQR51on4v7w,DUITNOW_QR_TNGD,105.1,0,0,105.1,"",Settlement to Bank T+1
33,04/07/2025,03/07/2025 21:56:43,"FEI FEI CRAB HOUSE RESTAURANT",,20250703211212800100171729792419134,20250703TNGDMYNB030OQRdqjw85o1,DUITNOW_QR_TNGD,417,0,0,417,"",Settlement to Bank T+1
34,05/07/2025,04/07/2025 14:05:39,"FEI FEI CRAB HOUSE RESTAURANT",,20250704211212800100171463892312613,20250704TNGDMYNB030OQR15k35e8s,DUITNOW_QR_TNGD,373.5,0,0,373.5,"",Settlement to Bank T+1
35,05/07/2025,04/07/2025 15:01:30,"FEI FEI CRAB HOUSE RESTAURANT",,20250704211212800100171455292021511,20250704TNGDMYNB030OQRjnkqg506,DUITNOW_QR_TNGD,128.3,0,0,128.3,"",Settlement to Bank T+1
36,05/07/2025,04/07/2025 15:07:44,"FEI FEI CRAB RESTAURANT SUTERA BRANCH",,20250704211212800100171629592089205,20250704PBBEMYKL030OQR15073575,DUITNOW_QR_AQC,52.9,0,0,52.9,"",Settlement to Bank T+1
37,05/07/2025,04/07/2025 18:28:22,"FEI FEI CRAB HOUSE RESTAURANT",,20250704211212800100171473392108075,20250704TNGDMYNB030OQR5q1te2sg,DUITNOW_QR_TNGD,146.3,0,0,146.3,"Food",Settlement to Bank T+1
38,05/07/2025,04/07/2025 19:08:05,"FEI FEI CRAB HOUSE RESTAURANT",,20250704211212800100171994491725909,20250704TNGDMYNB030OQRf4vp2pb8,DUITNOW_QR_TNGD,127.27,0,0,127.27,"",Settlement to Bank T+1
39,05/07/2025,04/07/2025 20:37:18,"FEI FEI CRAB HOUSE RESTAURANT",,20250704211212800100171027892645235,20250704TNGDMYNB030OQRcvp6r759,DUITNOW_QR_TNGD,889.6,0,0,889.6,"",Settlement to Bank T+1
40,05/07/2025,04/07/2025 21:19:28,"FEI FEI CRAB HOUSE RESTAURANT",,20250704211212800100171740992187441,20250704TNGDMYNB030OQRoy35pf2c,DUITNOW_QR_TNGD,188.4,0,0,188.4,"",Settlement to Bank T+1
41,05/07/2025,04/07/2025 21:32:46,"FEI FEI CRAB HOUSE RESTAURANT",,20250704211212800100171630792316384,20250704TNGDMYNB030OQReajfmh1o,DUITNOW_QR_TNGD,18.7,0,0,18.7,"",Settlement to Bank T+1
42,05/07/2025,04/07/2025 22:32:43,"FEI FEI CRAB HOUSE RESTAURANT",,20250704211212800100171752291859653,20250704TNGDMYNB030OQRn4kk39n0,DUITNOW_QR_TNGD,117.3,0,0,117.3,"",Settlement to Bank T+1
43,06/07/2025,05/07/2025 12:53:15,"FEI FEI CRAB RESTAURANT SUTERA BRANCH",,20250705211212800100171811292439925,20250705TNGDMYNB030OQRsn39h4p6,DUITNOW_QR_TNGD,15.7,0,0,15.7,"",Settlement to Bank T+1
44,06/07/2025,05/07/2025 17:06:51,"FEI FEI CRAB RESTAURANT SUTERA BRANCH",,20250705211212800100171604292463741,20250705TNGDMYNB030OQR1xw1b5ne,DUITNOW_QR_TNGD,288.3,0,0,288.3,"",Settlement to Bank T+1
45,06/07/2025,05/07/2025 17:31:43,"FEI FEI CRAB RESTAURANT SUTERA BRANCH",,20250705211212800100171794392433980,20250705TNGDMYNB030OQRyre33zy5,DUITNOW_QR_TNGD,5.3,0,0,5.3,"",Settlement to Bank T+1
46,06/07/2025,05/07/2025 17:36:05,"FEI FEI CRAB HOUSE RESTAURANT",,20250705211212800100171850992147054,20250705TNGDMYNB030OQR432gk5y5,DUITNOW_QR_TNGD,99.6,0,0,99.6,"",Settlement to Bank T+1
47,06/07/2025,05/07/2025 17:58:43,"FEI FEI CRAB RESTAURANT SUTERA BRANCH",,20250705211212800100171064992472174,20250705TNGDMYNB030OQRksbpx911,DUITNOW_QR_TNGD,36.9,0,0,36.9,"",Settlement to Bank T+1
48,06/07/2025,05/07/2025 19:20:20,"FEI FEI CRAB HOUSE RESTAURANT",,20250705211212800100171919392259896,20250705TNGDMYNB030OQR6lkr7dtc,DUITNOW_QR_TNGD,237.4,0,0,237.4,"",Settlement to Bank T+1
49,06/07/2025,05/07/2025 19:46:46,"FEI FEI CRAB RESTAURANT SUTERA BRANCH",,20250705211212800100171416092181393,20250705GRABMYNB030OQR63638481,DUITNOW_QR_AQC,116.6,0,0,116.6,"",Settlement to Bank T+1
50,06/07/2025,05/07/2025 20:08:07,"FEI FEI CRAB RESTAURANT SUTERA BRANCH",,20250705211212800100171789892839589,20250705TNGDMYNB030OQR8770fb8i,DUITNOW_QR_TNGD,493.5,0,0,493.5,"",Settlement to Bank T+1
51,06/07/2025,05/07/2025 20:24:01,"FEI FEI CRAB HOUSE RESTAURANT",,20250705211212800100171257692794822,20250705TNGDMYNB030OQRuv70g6zb,DUITNOW_QR_TNGD,409.5,0,0,409.5,"",Settlement to Bank T+1
52,06/07/2025,05/07/2025 20:41:42,"FEI FEI CRAB RESTAURANT SUTERA BRANCH",,20250705211212800100171663791692272,20250705TNGDMYNB030OQRm4lkk0jb,DUITNOW_QR_TNGD,149.5,0,0,149.5,"",Settlement to Bank T+1
53,06/07/2025,05/07/2025 20:59:06,"FEI FEI CRAB RESTAURANT SUTERA BRANCH",,20250705211212800100171083792502968,20250705HLBBMYKL030OQR23665944,DUITNOW_QR_AQC,175.4,0,0,175.4,"",Settlement to Bank T+1
54,06/07/2025,05/07/2025 21:25:14,"FEI FEI CRAB HOUSE RESTAURANT",,20250705211212800100171538892131663,20250705TNGDMYNB030OQR862p71h4,DUITNOW_QR_TNGD,272.1,0,0,272.1,"",Settlement to Bank T+1
55,06/07/2025,05/07/2025 21:32:22,"FEI FEI CRAB RESTAURANT SUTERA BRANCH",,20250705211212800100171698192318858,20250705MBBEMYKL030OQR86625133,DUITNOW_QR_AQC,644.3,0,0,644.3,"",Settlement to Bank T+1
56,06/07/2025,05/07/2025 21:51:07,"FEI FEI CRAB RESTAURANT SUTERA BRANCH",,20250705211212800100171569593065333,20250705TNGDMYNB030OQRl0nbb7yl,DUITNOW_QR_TNGD,112.6,0,0,112.6,"",Settlement to Bank T+1
57,06/07/2025,05/07/2025 22:18:24,"FEI FEI CRAB RESTAURANT SUTERA BRANCH",,20250705211212800100171834392357983,20250705TNGDMYNB030OQR7lmy581j,DUITNOW_QR_TNGD,323.2,0,0,323.2,"",Settlement to Bank T+1
58,06/07/2025,05/07/2025 22:48:50,"FEI FEI CRAB HOUSE RESTAURANT",,20250705211212800100171182893099338,20250705TNGDMYNB030OQR7y0b3l5z,DUITNOW_QR_TNGD,165.4,0,0,165.4,"",Settlement to Bank T+1
59,07/07/2025,06/07/2025 12:37:18,"FEI FEI CRAB HOUSE RESTAURANT",,20250706211212800100171554791721812,20250706TNGDMYNB030OQRhn808h34,DUITNOW_QR_TNGD,186.8,0,0,186.8,"",Settlement to Bank T+1
60,07/07/2025,06/07/2025 14:54:59,"FEI FEI CRAB RESTAURANT SUTERA BRANCH",,20250706211212800100171706092947744,20250706TNGDMYNB030OQRx543kun6,DUITNOW_QR_TNGD,66.9,0,0,66.9,"",Settlement to Bank T+1
61,07/07/2025,06/07/2025 15:32:16,"FEI FEI CRAB RESTAURANT SUTERA BRANCH",,20250706211212800100171372992751403,20250706TNGDMYNB030OQR1m38mse3,DUITNOW_QR_TNGD,5.3,0,0,5.3,"",Settlement to Bank T+1
62,07/07/2025,06/07/2025 17:17:39,"FEI FEI CRAB HOUSE RESTAURANT",,20250706211212800100171143992653020,20250706TNGDMYNB030OQR73b15mk1,DUITNOW_QR_TNGD,261.7,0,0,261.7,"",Settlement to Bank T+1
63,07/07/2025,06/07/2025 17:46:36,"FEI FEI CRAB HOUSE RESTAURANT",,20250706211212800100171631292553523,20250706TNGDMYNB030OQR87f8dl33,DUITNOW_QR_TNGD,64.5,0,0,64.5,"",Settlement to Bank T+1
64,07/07/2025,06/07/2025 18:16:00,"FEI FEI CRAB RESTAURANT SUTERA BRANCH",,20250706211212800100171134792145084,20250706TNGDMYNB030OQR625fi96t,DUITNOW_QR_TNGD,156.8,0,0,156.8,"",Settlement to Bank T+1
65,07/07/2025,06/07/2025 18:30:57,"FEI FEI CRAB HOUSE RESTAURANT",,20250706211212800100171638092545998,20250706TNGDMYNB030OQRp0f5zyxz,DUITNOW_QR_TNGD,92.5,0,0,92.5,"",Settlement to Bank T+1
66,07/07/2025,06/07/2025 19:23:44,"FEI FEI CRAB HOUSE RESTAURANT",,20250706211212800100171148092661561,20250706TNGDMYNB030OQRex4mxzt6,DUITNOW_QR_TNGD,101.6,0,0,101.6,"",Settlement to Bank T+1
67,07/07/2025,06/07/2025 19:45:47,"FEI FEI CRAB RESTAURANT SUTERA BRANCH",,20250706211212800100171465492609036,20250706TNGDMYNB030OQR640x4664,DUITNOW_QR_TNGD,215.1,0,0,215.1,"",Settlement to Bank T+1
68,07/07/2025,06/07/2025 20:17:19,"FEI FEI CRAB HOUSE RESTAURANT",,20250706211212800100171097192516984,20250706TNGDMYNB030OQRs5s2i0q1,DUITNOW_QR_TNGD,549.4,0,0,549.4,"",Settlement to Bank T+1
69,07/07/2025,06/07/2025 20:23:09,"FEI FEI CRAB HOUSE RESTAURANT",,20250706211212800100171207692129464,20250706TNGDMYNB030OQRnio5wck0,DUITNOW_QR_TNGD,21.2,0,0,21.2,"",Settlement to Bank T+1
70,07/07/2025,06/07/2025 21:01:26,"FEI FEI CRAB HOUSE RESTAURANT",,20250706211212800100171367592060311,20250706TNGDMYNB030OQRfi739dw6,DUITNOW_QR_TNGD,117.9,0,0,117.9,"",Settlement to Bank T+1
71,07/07/2025,06/07/2025 21:04:21,"FEI FEI CRAB HOUSE RESTAURANT",,20250706211212800100171756292119191,20250706GXSPMYKL030OQR45297314,DUITNOW_QR_AQC,399.9,0,0,399.9,"",Settlement to Bank T+1
72,07/07/2025,06/07/2025 21:07:38,"FEI FEI CRAB HOUSE RESTAURANT",,20250706211212800100171058191872260,20250706GXSPMYKL030OQR13975352,DUITNOW_QR_AQC,18,0,0,18,"",Settlement to Bank T+1
73,07/07/2025,06/07/2025 21:12:43,"FEI FEI CRAB RESTAURANT SUTERA BRANCH",,20250706211212800100171692492430535,20250706MBBEMYKL030OQR88060162,DUITNOW_QR_AQC,134.7,0,0,134.7,"",Settlement to Bank T+1
74,07/07/2025,06/07/2025 21:23:39,"FEI FEI CRAB HOUSE RESTAURANT",,20250706211212800100171384892391999,20250706TNGDMYNB030OQRy52ir62d,DUITNOW_QR_TNGD,160.3,0,0,160.3,"",Settlement to Bank T+1
75,07/07/2025,06/07/2025 21:44:47,"FEI FEI CRAB HOUSE RESTAURANT",,20250706211212800100171994492007479,20250706CIBBMYKL030OQR07130145,DUITNOW_QR_AQC,126.6,0,0,126.6,"",Settlement to Bank T+1
76,07/07/2025,06/07/2025 22:46:08,"FEI FEI CRAB RESTAURANT SUTERA BRANCH",,20250706211212800100171117192416511,20250706PBBEMYKL030OQR22404855,DUITNOW_QR_AQC,423.8,0,0,423.8,"",Settlement to Bank T+1
77,07/07/2025,06/07/2025 23:05:02,"FEI FEI CRAB HOUSE RESTAURANT",,20250706211212800100171798892585807,20250706TNGDMYNB030OQR4n2qdghj,DUITNOW_QR_TNGD,130,0,0,130,"",Settlement to Bank T+1
78,08/07/2025,07/07/2025 13:35:20,"FEI FEI CRAB RESTAURANT SUTERA BRANCH",,20250707211212800100171895992361236,20250707TNGDMYNB030OQRw503y26o,DUITNOW_QR_TNGD,210.9,0,0,210.9,"",Settlement to Bank T+1
79,08/07/2025,07/07/2025 16:34:35,"FEI FEI CRAB HOUSE RESTAURANT",,20250707211212800100171207192212733,20250707TNGDMYNB030OQRe2u3mv84,DUITNOW_QR_TNGD,163.9,0,0,163.9,"",Settlement to Bank T+1
80,08/07/2025,07/07/2025 17:50:56,"FEI FEI CRAB HOUSE RESTAURANT",,20250707211212800100171007292861464,20250707PBBEMYKL030OQR17551812,DUITNOW_QR_AQC,220.6,0,0,220.6,"",Settlement to Bank T+1
81,08/07/2025,07/07/2025 20:04:28,"FEI FEI CRAB RESTAURANT SUTERA BRANCH",,20250707211212800100171525392661984,20250707TNGDMYNB030OQR7ilt1ebt,DUITNOW_QR_TNGD,126.2,0,0,126.2,"Dinner",Settlement to Bank T+1
82,08/07/2025,07/07/2025 20:05:24,"FEI FEI CRAB HOUSE RESTAURANT",,20250707211212800100171865092691817,20250707TNGDMYNB030OQRs7kl771g,DUITNOW_QR_TNGD,247.1,0,0,247.1,"",Settlement to Bank T+1
83,08/07/2025,07/07/2025 20:19:50,"FEI FEI CRAB RESTAURANT SUTERA BRANCH",,20250707211212800100171492093047557,20250707TNGDMYNB030OQRf537d1y3,DUITNOW_QR_TNGD,451.5,0,0,451.5,"",Settlement to Bank T+1
84,08/07/2025,07/07/2025 22:40:59,"FEI FEI CRAB HOUSE RESTAURANT",,20250707211212800100171725292919752,20250707TNGDMYNB030OQR63pimd69,DUITNOW_QR_TNGD,375.7,0,0,375.7,"",Settlement to Bank T+1
85,09/07/2025,08/07/2025 12:51:22,"FEI FEI CRAB RESTAURANT SUTERA BRANCH",,20250708211212800100171467292791216,20250708TNGDMYNB030OQRpofqzeue,DUITNOW_QR_TNGD,17.9,0,0,17.9,"",Settlement to Bank T+1
86,09/07/2025,08/07/2025 15:20:38,"FEI FEI CRAB HOUSE RESTAURANT",,20250708211212800100171718792784167,20250708TNGDMYNB030OQRm3d51og0,DUITNOW_QR_TNGD,810,0,0,810,"",Settlement to Bank T+1
87,09/07/2025,08/07/2025 16:31:11,"FEI FEI CRAB RESTAURANT SUTERA BRANCH",,20250708211212800100171032892616134,20250708TNGDMYNB030OQRew6dp4b7,DUITNOW_QR_TNGD,247.4,0,0,247.4,"d-2-11 villa hijauan",Settlement to Bank T+1
88,09/07/2025,08/07/2025 18:45:45,"FEI FEI CRAB RESTAURANT SUTERA BRANCH",,20250708211212800100171896692502906,20250708TNGDMYNB030OQRg995q370,DUITNOW_QR_TNGD,73.2,0,0,73.2,"",Settlement to Bank T+1
89,09/07/2025,08/07/2025 19:05:44,"FEI FEI CRAB HOUSE RESTAURANT",,20250708211212800100171246191844700,20250708TNGDMYNB030OQR9y63nz95,DUITNOW_QR_TNGD,265.3,0,0,265.3,"",Settlement to Bank T+1
90,09/07/2025,08/07/2025 19:12:40,"FEI FEI CRAB RESTAURANT SUTERA BRANCH",,20250708211212800100171127592596065,20250708TNGDMYNB030OQR8gkcc498,DUITNOW_QR_TNGD,554.5,0,0,554.5,"",Settlement to Bank T+1
91,09/07/2025,08/07/2025 19:39:04,"FEI FEI CRAB HOUSE RESTAURANT",,20250708211212800100171978892072340,20250708TNGDMYNB030OQR4p6p15e8,DUITNOW_QR_TNGD,334.5,0,0,334.5,"",Settlement to Bank T+1
92,09/07/2025,08/07/2025 19:58:43,"FEI FEI CRAB RESTAURANT SUTERA BRANCH",,20250708211212800100171087592838841,20250708TNGDMYNB030OQR2yz35h4j,DUITNOW_QR_TNGD,261.6,0,0,261.6,"",Settlement to Bank T+1
93,09/07/2025,08/07/2025 20:25:41,"FEI FEI CRAB HOUSE RESTAURANT",,20250708211212800100171878892784520,20250708TNGDMYNB030OQR428p566b,DUITNOW_QR_TNGD,4.2,0,0,4.2,"",Settlement to Bank T+1
94,09/07/2025,08/07/2025 20:44:00,"FEI FEI CRAB HOUSE RESTAURANT",,20250708211212800100171875592784754,20250708TNGDMYNB030OQRv8o6m6vi,DUITNOW_QR_TNGD,4.2,0,0,4.2,"",Settlement to Bank T+1
95,09/07/2025,08/07/2025 21:01:33,"FEI FEI CRAB RESTAURANT SUTERA BRANCH",,20250708211212800100171781593182869,20250708HLBBMYKL030OQR37508786,DUITNOW_QR_AQC,155.7,0,0,155.7,"",Settlement to Bank T+1
96,09/07/2025,08/07/2025 21:32:15,"FEI FEI CRAB RESTAURANT SUTERA BRANCH",,20250708211212800100171384692614672,20250708TNGDMYNB030OQRysb65031,DUITNOW_QR_TNGD,121.1,0,0,121.1,"",Settlement to Bank T+1
97,09/07/2025,08/07/2025 21:39:24,"FEI FEI CRAB HOUSE RESTAURANT",,20250708211212800100171919792616081,20250708TNGDMYNB030OQRd2fe9m1f,DUITNOW_QR_TNGD,279.1,0,0,279.1,"",Settlement to Bank T+1
98,10/07/2025,09/07/2025 13:04:13,"FEI FEI CRAB RESTAURANT SUTERA BRANCH",,20250709211212800100171419692590199,20250709TNGDMYNB030OQR0818c1s7,DUITNOW_QR_TNGD,167.4,0,0,167.4,"",Settlement to Bank T+1
99,10/07/2025,09/07/2025 13:43:39,"FEI FEI CRAB RESTAURANT SUTERA BRANCH",,20250709211212800100171469692903100,20250709TNGDMYNB030OQRusb664e4,DUITNOW_QR_TNGD,244.9,0,0,244.9,"",Settlement to Bank T+1
100,10/07/2025,09/07/2025 14:36:00,"FEI FEI CRAB RESTAURANT SUTERA BRANCH",,20250709211212800100171432791968395,20250709TPTCCHGU031OQR30674323,DUITNOW_QR_AQC_CB,446,0,0,446,"",Settlement to Bank T+1
101,10/07/2025,09/07/2025 14:40:07,"FEI FEI CRAB HOUSE RESTAURANT",,20250709211212800100171683892541349,20250709TNGDMYNB030OQRn5sp3u6w,DUITNOW_QR_TNGD,116.9,0,0,116.9,"Mikisoong",Settlement to Bank T+1
102,10/07/2025,09/07/2025 16:59:20,"FEIFEICRABHOUSERESTAUR",,20250709211212800100171361692367496,20250709MBBEMYKL030OQR83404985,DUITNOW_QR_AQC,231.1,0,0,231.1,"",Settlement to Bank T+1
103,10/07/2025,09/07/2025 17:18:16,"FEI FEI CRAB RESTAURANT SUTERA BRANCH",,20250709211212800100171976592168240,20250709RHBBMYKL030OQR54663756,DUITNOW_QR_AQC,556,0,0,556,"",Settlement to Bank T+1
104,10/07/2025,09/07/2025 17:22:52,"FEI FEI CRAB RESTAURANT SUTERA BRANCH",,20250709211212800100171476192719296,20250709CIBBMYKL030OQR05422353,DUITNOW_QR_AQC,231.3,0,0,231.3,"",Settlement to Bank T+1
105,10/07/2025,09/07/2025 18:46:04,"FEI FEI CRAB HOUSE RESTAURANT",,20250709211212800100171888992921670,20250709TNGDMYNB030OQRu0oo24ix,DUITNOW_QR_TNGD,92.3,0,0,92.3,"",Settlement to Bank T+1
106,10/07/2025,09/07/2025 18:54:21,"FEI FEI CRAB RESTAURANT SUTERA BRANCH",,20250709211212800100171506792859777,20250709TPTCCHGU031OQR98925620,DUITNOW_QR_AQC_CB,169.9,0,0,169.9,"",Settlement to Bank T+1
107,10/07/2025,09/07/2025 18:57:57,"FEI FEI CRAB HOUSE RESTAURANT",,20250709211212800100171102493383756,20250709CIBBMYKL030OQR06275238,DUITNOW_QR_AQC,131.6,0,0,131.6,"",Settlement to Bank T+1
108,10/07/2025,09/07/2025 20:10:13,"FEI FEI CRAB RESTAURANT SUTERA BRANCH",,20250709211212800100171224993232374,20250709TNGDMYNB030OQR623d427i,DUITNOW_QR_TNGD,15.7,0,0,15.7,"",Settlement to Bank T+1
109,10/07/2025,09/07/2025 20:35:07,"FEI FEI CRAB RESTAURANT SUTERA BRANCH",,20250709211212800100171631892894093,20250709TNGDMYNB030OQRj3878tt1,DUITNOW_QR_TNGD,168.7,0,0,168.7,"ambersiam",Settlement to Bank T+1
110,10/07/2025,09/07/2025 21:15:23,"FEI FEI CRAB RESTAURANT SUTERA BRANCH",,20250709211212800100171458492665814,20250709GRABMYNB030OQR63792387,DUITNOW_QR_AQC,994.8,0,0,994.8,"",Settlement to Bank T+1
111,10/07/2025,09/07/2025 21:47:44,"FEI FEI CRAB RESTAURANT SUTERA BRANCH",,20250709211212800100171343193864772,20250709TNGDMYNB030OQR1440h696,DUITNOW_QR_TNGD,86.5,0,0,86.5,"",Settlement to Bank T+1
112,10/07/2025,09/07/2025 21:52:12,"FEI FEI CRAB RESTAURANT SUTERA BRANCH",,20250709211212800100171887492945718,20250709TNGDMYNB030OQRz063hi9w,DUITNOW_QR_TNGD,123.2,0,0,123.2,"",Settlement to Bank T+1
113,10/07/2025,09/07/2025 22:06:58,"FEI FEI CRAB RESTAURANT SUTERA BRANCH",,20250709211212800100171344993866140,20250709TNGDMYNB030OQRu08p0y76,DUITNOW_QR_TNGD,5.9,0,0,5.9,"",Settlement to Bank T+1
114,11/07/2025,10/07/2025 14:06:47,"FEI FEI CRAB RESTAURANT SUTERA BRANCH",,20250710211212800100171284792621599,20250710MBBEMYKL030OQR84731628,DUITNOW_QR_AQC,151.6,0,0,151.6,"",Settlement to Bank T+1
115,11/07/2025,10/07/2025 14:43:41,"FEI FEI CRAB RESTAURANT SUTERA BRANCH",,20250710211212800100171242692032491,20250710TNGDMYNB030OQR0y4gg459,DUITNOW_QR_TNGD,151.3,0,0,151.3,"",Settlement to Bank T+1
116,11/07/2025,10/07/2025 18:20:46,"FEI FEI CRAB RESTAURANT SUTERA BRANCH",,20250710211212800100171367692484348,20250710TNGDMYNB030OQR4yfs84z8,DUITNOW_QR_TNGD,287.3,0,0,287.3,"",Settlement to Bank T+1
117,11/07/2025,10/07/2025 20:07:30,"FEI FEI CRAB HOUSE RESTAURANT",,20250710211212800100171078892411311,20250710TNGDMYNB030OQRwq9b3q38,DUITNOW_QR_TNGD,855.7,0,0,855.7,"",Settlement to Bank T+1
118,11/07/2025,10/07/2025 20:16:56,"FEI FEI CRAB RESTAURANT SUTERA BRANCH",,20250710211212800100171201092567075,20250710TNGDMYNB030OQR8q4sjt20,DUITNOW_QR_TNGD,18.7,0,0,18.7,"",Settlement to Bank T+1
119,11/07/2025,10/07/2025 20:22:18,"FEI FEI CRAB HOUSE RESTAURANT",,20250710211212800100171037492871401,20250710CIBBMYKL030OQR06950479,DUITNOW_QR_AQC,138.2,0,0,138.2,"",Settlement to Bank T+1
120,11/07/2025,10/07/2025 20:23:15,"FEIFEICRABHOUSERESTAUR",,20250710211212800100171107793508304,20250710MBBEMYKL030OQR85319663,DUITNOW_QR_AQC,187,0,0,187,"",Settlement to Bank T+1
121,11/07/2025,10/07/2025 20:35:32,"FEI FEI CRAB HOUSE RESTAURANT",,20250710211212800100171834692913078,20250710CIBBMYKL030OQR07062735,DUITNOW_QR_AQC,360.5,0,0,360.5,"",Settlement to Bank T+1
122,11/07/2025,10/07/2025 20:58:22,"FEI FEI CRAB RESTAURANT SUTERA BRANCH",,20250710211212800100171787493400678,20250710TNGDMYNB030OQRc96y2nbt,DUITNOW_QR_TNGD,236.8,0,0,236.8,"",Settlement to Bank T+1
123,11/07/2025,10/07/2025 21:12:52,"FEI FEI CRAB HOUSE RESTAURANT",,20250710211212800100171661992243854,20250710PBBEMYKL030OQR21150995,DUITNOW_QR_AQC,106.3,0,0,106.3,"",Settlement to Bank T+1
124,11/07/2025,10/07/2025 22:18:35,"FEI FEI CRAB HOUSE RESTAURANT",,20250710211212800100171331192816549,20250710TNGDMYNB030OQRk6v83gby,DUITNOW_QR_TNGD,346.1,0,0,346.1,"",Settlement to Bank T+1
125,11/07/2025,10/07/2025 22:39:21,"FEI FEI CRAB HOUSE RESTAURANT",,20250710211212800100171210293089716,20250710TNGDMYNB030OQR10h5upy2,DUITNOW_QR_TNGD,147.2,0,0,147.2,"",Settlement to Bank T+1
126,12/07/2025,11/07/2025 15:00:03,"FEI FEI CRAB HOUSE RESTAURANT",,20250711211212800100171178493461320,20250711CIBBMYKL030OQR04181177,DUITNOW_QR_AQC,423.2,0,0,423.2,"",Settlement to Bank T+1
127,12/07/2025,11/07/2025 19:37:55,"FEI FEI CRAB RESTAURANT SUTERA BRANCH",,20250711211212800100171138792718211,20250711MBBEMYKL030OQR75775196,DUITNOW_QR_AQC,87.7,0,0,87.7,"",Settlement to Bank T+1
128,12/07/2025,11/07/2025 20:27:57,"FEI FEI CRAB HOUSE RESTAURANT",,20250711211212800100171525893117539,20250711TNGDMYNB030OQR171710q1,DUITNOW_QR_TNGD,119,0,0,119,"fei fei crab",Settlement to Bank T+1
129,12/07/2025,11/07/2025 20:59:54,"FEI FEI CRAB RESTAURANT SUTERA BRANCH",,20250711211212800100171951393139602,20250711TNGDMYNB030OQRbh9d3303,DUITNOW_QR_TNGD,194.2,0,0,194.2,"",Settlement to Bank T+1
130,12/07/2025,11/07/2025 21:20:40,"FEI FEI CRAB RESTAURANT SUTERA BRANCH",,20250711211212800100171303592264477,20250711HLBBMYKL030OQR50702534,DUITNOW_QR_AQC,745.7,0,0,745.7,"",Settlement to Bank T+1
131,12/07/2025,11/07/2025 22:34:03,"FEI FEI CRAB HOUSE RESTAURANT",,20250711211212800100171590592544529,20250711TNGDMYNB030OQRcy59oc1w,DUITNOW_QR_TNGD,149.9,0,0,149.9,"",Settlement to Bank T+1
132,13/07/2025,12/07/2025 12:36:48,"FEI FEI CRAB RESTAURANT SUTERA BRANCH",,20250712211212800100171175293552496,20250712MBBEMYKL030OQR76620588,DUITNOW_QR_AQC,113.9,0,0,113.9,"",Settlement to Bank T+1
133,13/07/2025,12/07/2025 12:48:40,"FEI FEI CRAB RESTAURANT SUTERA BRANCH",,20250712211212800100171817293219665,20250712TNGDMYNB030OQR1eeq0j71,DUITNOW_QR_TNGD,15.7,0,0,15.7,"",Settlement to Bank T+1
134,13/07/2025,12/07/2025 14:09:37,"FEI FEI CRAB RESTAURANT SUTERA BRANCH",,20250712211212800100171969793064873,20250712TNGDMYNB030OQR03y2p080,DUITNOW_QR_TNGD,400.4,0,0,400.4,"",Settlement to Bank T+1
135,13/07/2025,12/07/2025 15:10:53,"FEI FEI CRAB HOUSE RESTAURANT",,20250712211212800100171984892632058,20250712TNGDMYNB030OQR7ucccq3p,DUITNOW_QR_TNGD,228.6,0,0,228.6,"",Settlement to Bank T+1
136,13/07/2025,12/07/2025 15:20:37,"FEI FEI CRAB HOUSE RESTAURANT",,20250712211212800100171709593620808,20250712TNGDMYNB030OQR240f3fdc,DUITNOW_QR_TNGD,164.8,0,0,164.8,"",Settlement to Bank T+1
137,13/07/2025,12/07/2025 15:29:04,"FEI FEI CRAB HOUSE RESTAURANT",,20250712211212800100171820693134988,20250712TNGDMYNB030OQR9wtm5t30,DUITNOW_QR_TNGD,15.7,0,0,15.7,"",Settlement to Bank T+1
138,13/07/2025,12/07/2025 18:26:43,"FEI FEI CRAB HOUSE RESTAURANT",,20250712211212800100171558692429542,20250712PBBEMYKL030OQR18212791,DUITNOW_QR_AQC,351.5,0,0,351.5,"",Settlement to Bank T+1
139,13/07/2025,12/07/2025 18:27:59,"FEIFEICRABHOUSERESTAURANT",,20250712211212800100171308092362277,20250712HLBBMYKL030OQR53890925,DUITNOW_QR_AQC,707,0,0,707,"",Settlement to Bank T+1
140,13/07/2025,12/07/2025 19:10:56,"FEI FEI CRAB RESTAURANT SUTERA BRANCH",,20250712211212800100171482292794518,20250712TNGDMYNB030OQR2ncuhoy2,DUITNOW_QR_TNGD,200,0,0,200,"F",Settlement to Bank T+1
141,13/07/2025,12/07/2025 19:36:23,"FEIFEICRABHOUSERESTAURANT",,20250712211212800100171682292906053,20250712HLBBMYKL030OQR54164742,DUITNOW_QR_AQC,165.4,0,0,165.4,"",Settlement to Bank T+1
142,13/07/2025,12/07/2025 19:40:49,"FEI FEI CRAB HOUSE RESTAURANT",,20250712211212800100171964193106213,20250712TNGDMYNB030OQR4ik68c17,DUITNOW_QR_TNGD,457.3,0,0,457.3,"",Settlement to Bank T+1
143,13/07/2025,12/07/2025 19:43:25,"FEI FEI CRAB HOUSE RESTAURANT",,20250712211212800100171904293045241,20250712TNGDMYNB030OQRzus8ndyg,DUITNOW_QR_TNGD,874.3,0,0,874.3,"",Settlement to Bank T+1
144,13/07/2025,12/07/2025 20:16:58,"FEI FEI CRAB HOUSE RESTAURANT",,20250712211212800100171295192566761,20250712TNGDMYNB030OQRn6pi55e3,DUITNOW_QR_TNGD,166.1,0,0,166.1,"",Settlement to Bank T+1
145,13/07/2025,12/07/2025 20:19:03,"FEI FEI CRAB RESTAURANT SUTERA BRANCH",,20250712211212800100171966793116023,20250712TNGDMYNB030OQRbzmz281m,DUITNOW_QR_TNGD,189.8,0,0,189.8,"",Settlement to Bank T+1
146,13/07/2025,12/07/2025 20:22:34,"FEI FEI CRAB RESTAURANT SUTERA BRANCH",,20250712211212800100171675393259906,20250712MBBEMYKL030OQR88351423,DUITNOW_QR_AQC,577.1,0,0,577.1,"",Settlement to Bank T+1
147,13/07/2025,12/07/2025 20:41:52,"FEI FEI CRAB HOUSE RESTAURANT",,20250712211212800100171416292977541,20250712TNGDMYNB030OQR7jz1yfg1,DUITNOW_QR_TNGD,17.8,0,0,17.8,"",Settlement to Bank T+1
148,13/07/2025,12/07/2025 20:51:58,"FEI FEI CRAB RESTAURANT SUTERA BRANCH",,20250712211212800100171551792441972,20250712TNGDMYNB030OQR80pxm2wg,DUITNOW_QR_TNGD,814.6,0,0,814.6,"",Settlement to Bank T+1
149,13/07/2025,12/07/2025 21:03:35,"FEI FEI CRAB HOUSE RESTAURANT",,20250712211212800100171389793050447,20250712BGPYMYNB030OQR75801382,DUITNOW_QR_AQC,831,0,0,831,"",Settlement to Bank T+1
150,13/07/2025,12/07/2025 21:11:19,"FEI FEI CRAB RESTAURANT SUTERA BRANCH",,20250712211212800100171161592991335,20250712TNGDMYNB030OQR1a65a622,DUITNOW_QR_TNGD,374.5,0,0,374.5,"",Settlement to Bank T+1
151,13/07/2025,12/07/2025 21:18:19,"FEI FEI CRAB HOUSE RESTAURANT",,20250712211212800100171697693094421,20250712TNGDMYNB030OQR29fac69p,DUITNOW_QR_TNGD,3,0,0,3,"",Settlement to Bank T+1
152,13/07/2025,12/07/2025 21:56:35,"FEI FEI CRAB HOUSE RESTAURANT",,20250712211212800100171880993277928,20250712TNGDMYNB030OQR005351k9,DUITNOW_QR_TNGD,339.5,0,0,339.5,"",Settlement to Bank T+1
153,13/07/2025,12/07/2025 22:49:25,"FEI FEI CRAB HOUSE RESTAURANT",,20250712211212800100171873893236528,20250712TNGDMYNB030OQRj28b7q0r,DUITNOW_QR_TNGD,642.9,0,0,642.9,"",Settlement to Bank T+1
154,14/07/2025,13/07/2025 13:09:08,"FEI FEI CRAB HOUSE RESTAURANT",,20250713211212800100171468093346583,20250713TNGDMYNB030OQR668q7sis,DUITNOW_QR_TNGD,232.1,0,0,232.1,"",Settlement to Bank T+1
155,14/07/2025,13/07/2025 17:22:59,"FEI FEI CRAB HOUSE RESTAURANT",,20250713211212800100171854693027657,20250713TNGDMYNB030OQR7q5o284r,DUITNOW_QR_TNGD,314.2,0,0,314.2,"",Settlement to Bank T+1
156,14/07/2025,13/07/2025 17:41:35,"FEI FEI CRAB HOUSE RESTAURANT",,20250713211212800100171663692546832,20250713TNGDMYNB030OQRes344uhk,DUITNOW_QR_TNGD,4.1,0,0,4.1,"",Settlement to Bank T+1
157,14/07/2025,13/07/2025 18:57:42,"FEI FEI CRAB RESTAURANT SUTERA BRANCH",,20250713211212800100171618592173227,20250713TNGDMYNB030OQR924k896t,DUITNOW_QR_TNGD,519.2,0,0,519.2,"",Settlement to Bank T+1
158,14/07/2025,13/07/2025 20:59:33,"FEI FEI CRAB HOUSE RESTAURANT",,20250713211212800100171690393205594,20250713TNGDMYNB030OQR1khrmo00,DUITNOW_QR_TNGD,13.7,0,0,13.7,"",Settlement to Bank T+1
159,14/07/2025,13/07/2025 21:06:15,"FEI FEI CRAB HOUSE RESTAURANT",,20250713211212800100171695893199629,20250713TNGDMYNB030OQR64z2vz4r,DUITNOW_QR_TNGD,3,0,0,3,"",Settlement to Bank T+1
160,14/07/2025,13/07/2025 21:39:55,"FEI FEI CRAB HOUSE RESTAURANT",,20250713211212800100171165093098650,20250713TNGDMYNB030OQR04pdd1h3,DUITNOW_QR_TNGD,193.6,0,0,193.6,"",Settlement to Bank T+1
161,14/07/2025,13/07/2025 21:40:34,"FEI FEI CRAB RESTAURANT SUTERA BRANCH",,20250713211212800100171463593394710,20250713TNGDMYNB030OQRr984plnq,DUITNOW_QR_TNGD,123.9,0,0,123.9,"",Settlement to Bank T+1
162,14/07/2025,13/07/2025 22:12:44,"FEI FEI CRAB HOUSE RESTAURANT",,20250713211212800100171871093340578,20250713TNGDMYNB030OQRa49um7v5,DUITNOW_QR_TNGD,3,0,0,3,"",Settlement to Bank T+1
163,15/07/2025,14/07/2025 18:46:29,"FEI FEI CRAB RESTAURANT SUTERA BRANCH",,20250714211212800100171780693822091,20250714TNGDMYNB030OQR44x7640u,DUITNOW_QR_TNGD,300,0,0,300,"",Settlement to Bank T+1
164,15/07/2025,14/07/2025 19:59:32,"FEI FEI CRAB RESTAURANT SUTERA BRANCH",,20250714211212800100171685993124524,20250714ALPCSGSG031OQR91559914,DUITNOW_QR_AQC_CB,152.3,0,0,152.3,"",Settlement to Bank T+1
165,15/07/2025,14/07/2025 20:52:13,"FEI FEI CRAB HOUSE RESTAURANT",,20250714211212800100171376093665007,20250714TNGDMYNB030OQRg28jr98o,DUITNOW_QR_TNGD,110.3,0,0,110.3,"",Settlement to Bank T+1
166,15/07/2025,14/07/2025 20:53:38,"FEI FEI CRAB RESTAURANT SUTERA BRANCH",,20250714211212800100171342294408880,20250714TNGDMYNB030OQRmhx58007,DUITNOW_QR_TNGD,55.2,0,0,55.2,"",Settlement to Bank T+1
167,15/07/2025,14/07/2025 21:52:31,"FEI FEI CRAB HOUSE RESTAURANT",,20250714211212800100171287193104483,20250714ARBKMYKL030OQR79961568,DUITNOW_QR_AQC,349.3,0,0,349.3,"",Settlement to Bank T+1
168,15/07/2025,14/07/2025 22:26:19,"FEI FEI CRAB RESTAURANT SUTERA BRANCH",,20250714211212800100171967393340740,20250714TNGDMYNB030OQR7fljb394,DUITNOW_QR_TNGD,271.4,0,0,271.4,"",Settlement to Bank T+1
169,16/07/2025,15/07/2025 12:43:55,"FEI FEI CRAB RESTAURANT SUTERA BRANCH",,20250715211212800100171467493560244,20250715TNGDMYNB030OQR8w2a1l49,DUITNOW_QR_TNGD,17.9,0,0,17.9,"",Settlement to Bank T+1
170,16/07/2025,15/07/2025 12:53:15,"FEI FEI CRAB RESTAURANT SUTERA BRANCH",,20250715211212800100171812593535869,20250715TNGDMYNB030OQR8x8069lg,DUITNOW_QR_TNGD,19.7,0,0,19.7,"",Settlement to Bank T+1
171,16/07/2025,15/07/2025 15:24:58,"FEI FEI CRAB RESTAURANT SUTERA BRANCH",,20250715211212800100171981992950769,20250715TNGDMYNB030OQRz4c14wmd,DUITNOW_QR_TNGD,257.3,0,0,257.3,"",Settlement to Bank T+1
172,16/07/2025,15/07/2025 15:26:22,"FEI FEI CRAB RESTAURANT SUTERA BRANCH",,20250715211212800100171982592950800,20250715TNGDMYNB030OQRjltvis5u,DUITNOW_QR_TNGD,2,0,0,2,"",Settlement to Bank T+1
173,16/07/2025,15/07/2025 18:28:25,"FEI FEI CRAB RESTAURANT SUTERA BRANCH",,20250715211212800100171248892597467,20250715ALPCSGSG031OQR91657251,DUITNOW_QR_AQC_CB,424.3,0,0,424.3,"",Settlement to Bank T+1
174,16/07/2025,15/07/2025 18:53:30,"FEI FEI CRAB RESTAURANT SUTERA BRANCH",,20250715211212800100171438492650726,20250715TNGDMYNB030OQR43b7b7b9,DUITNOW_QR_TNGD,132.5,0,0,132.5,"",Settlement to Bank T+1
175,16/07/2025,15/07/2025 19:10:34,"FEI FEI CRAB RESTAURANT SUTERA BRANCH",,20250715211212800100171402693759070,20250715HLBBMYKL030OQR65613964,DUITNOW_QR_AQC,192.1,0,0,192.1,"",Settlement to Bank T+1
176,16/07/2025,15/07/2025 20:31:45,"FEI FEI CRAB RESTAURANT SUTERA BRANCH",,20250715211212800100171596592959804,20250715TNGDMYNB030OQR84j3d9jr,DUITNOW_QR_TNGD,307.3,0,0,307.3,"",Settlement to Bank T+1
177,17/07/2025,16/07/2025 15:11:29,"FEI FEI CRAB RESTAURANT SUTERA BRANCH",,20250716211212800100171645193560251,20250716TNGDMYNB030OQRl9ph1umw,DUITNOW_QR_TNGD,20.4,0,0,20.4,"",Settlement to Bank T+1
178,17/07/2025,16/07/2025 17:29:35,"FEI FEI CRAB HOUSE RESTAURANT",,20250716211212800100171665992871385,20250716TNGDMYNB030OQR9dcz6ck1,DUITNOW_QR_TNGD,608.4,0,0,608.4,"",Settlement to Bank T+1
179,17/07/2025,16/07/2025 18:23:57,"FEI FEI CRAB HOUSE RESTAURANT",,20250716211212800110171734027602604,ynm2ezhf,PAYMENT,34.3,0,0,34.3,"",Settlement to Bank T+1
180,17/07/2025,16/07/2025 19:01:10,"FEI FEI CRAB RESTAURANT SUTERA BRANCH",,20250716211212800100171213893720002,20250716TNGDMYNB030OQR27io105t,DUITNOW_QR_TNGD,324.4,0,0,324.4,"",Settlement to Bank T+1
181,17/07/2025,16/07/2025 19:17:27,"FEI FEI CRAB HOUSE RESTAURANT",,20250716211212800100171977192931921,20250716TNGDMYNB030OQR1ee98c5y,DUITNOW_QR_TNGD,329,0,0,329,"",Settlement to Bank T+1
182,17/07/2025,16/07/2025 20:28:34,"FEI FEI CRAB RESTAURANT SUTERA BRANCH",,20250716211212800100171327693485305,20250716TNGDMYNB030OQR70d8gh7u,DUITNOW_QR_TNGD,587.2,0,0,587.2,"",Settlement to Bank T+1
183,17/07/2025,16/07/2025 22:05:42,"FEI FEI CRAB HOUSE RESTAURANT",,20250716211212800100171496094059454,20250716TNGDMYNB030OQR2242vyq8,DUITNOW_QR_TNGD,249.6,0,0,249.6,"81311199",Settlement to Bank T+1
184,18/07/2025,17/07/2025 14:15:55,"FEI FEI CRAB RESTAURANT SUTERA BRANCH",,20250717211212800100171779293719430,20250717MBBEMYKL030OQR76341394,DUITNOW_QR_AQC,161,0,0,161,"",Settlement to Bank T+1
185,18/07/2025,17/07/2025 14:36:43,"FEI FEI CRAB HOUSE RESTAURANT",,20250717211212800100171858193456442,20250717TNGDMYNB030OQR2qf2lt66,DUITNOW_QR_TNGD,200.5,0,0,200.5,"",Settlement to Bank T+1
186,18/07/2025,17/07/2025 17:25:53,"FEI FEI CRAB RESTAURANT SUTERA BRANCH",,20250717211212800100171773993740520,20250717TNGDMYNB030OQRnhp9dv87,DUITNOW_QR_TNGD,16.1,0,0,16.1,"",Settlement to Bank T+1
187,18/07/2025,17/07/2025 18:09:34,"FEI FEI CRAB HOUSE RESTAURANT",,20250717211212800100171309092892096,20250717TNGDMYNB030OQRcn74o5vh,DUITNOW_QR_TNGD,152.9,0,0,152.9,"James",Settlement to Bank T+1
188,18/07/2025,17/07/2025 18:18:49,"FEI FEI CRAB RESTAURANT SUTERA BRANCH",,20250717211212800100171064993793339,20250717TNGDMYNB030OQRrv452v58,DUITNOW_QR_TNGD,125.6,0,0,125.6,"2utm11 tmn mutiara rini",Settlement to Bank T+1
189,18/07/2025,17/07/2025 19:57:40,"FEI FEI CRAB HOUSE RESTAURANT",,20250717211212800100171455293536700,20250717TNGDMYNB030OQR96lv94s8,DUITNOW_QR_TNGD,155.9,0,0,155.9,"",Settlement to Bank T+1
190,18/07/2025,17/07/2025 20:15:27,"FEI FEI CRAB RESTAURANT SUTERA BRANCH",,20250717211212800100171481393340305,20250717TNGDMYNB030OQR8o25i721,DUITNOW_QR_TNGD,176.6,0,0,176.6,"",Settlement to Bank T+1
191,18/07/2025,17/07/2025 20:34:11,"FEIFEICRABHOUSERESTAURANT",,20250717211212800100171341894740351,20250717ALPCSGSG031OQR91860187,DUITNOW_QR_AQC_CB,211.4,0,0,211.4,"",Settlement to Bank T+1
192,18/07/2025,17/07/2025 21:05:23,"FEI FEI CRAB RESTAURANT SUTERA BRANCH",,20250717211212800100171143293887417,20250717TNGDMYNB030OQRt0pbtsdx,DUITNOW_QR_TNGD,270,0,0,270,"",Settlement to Bank T+1
193,18/07/2025,17/07/2025 21:06:06,"FEI FEI CRAB RESTAURANT SUTERA BRANCH",,20250717211212800100171143593890543,20250717TNGDMYNB030OQRr6p0w96j,DUITNOW_QR_TNGD,0.6,0,0,0.6,"",Settlement to Bank T+1
194,18/07/2025,17/07/2025 21:26:34,"FEI FEI CRAB RESTAURANT SUTERA BRANCH",,20250717211212800100171139793378249,20250717TNGDMYNB030OQRg909g49l,DUITNOW_QR_TNGD,205.8,0,0,205.8,"",Settlement to Bank T+1
195,18/07/2025,17/07/2025 22:47:16,"FEI FEI CRAB HOUSE RESTAURANT",,20250717211212800100171578293638271,20250717TNGDMYNB030OQRdl2ad04d,DUITNOW_QR_TNGD,396.8,0,0,396.8,"",Settlement to Bank T+1
196,19/07/2025,18/07/2025 15:13:43,"FEI FEI CRAB HOUSE RESTAURANT",,20250718211212800100171534993514283,20250718RHBBMYKL030OQR57916798,DUITNOW_QR_AQC,160.7,0,0,160.7,"",Settlement to Bank T+1
197,19/07/2025,18/07/2025 15:52:59,"FEI FEI CRAB RESTAURANT SUTERA BRANCH",,20250718211212800100171871493853834,20250718TNGDMYNB030OQRsr4qujsf,DUITNOW_QR_TNGD,704.4,0,0,704.4,"",Settlement to Bank T+1
198,19/07/2025,18/07/2025 16:31:48,"FEI FEI CRAB HOUSE RESTAURANT",,20250718211212800100171430092958250,20250718TNGDMYNB030OQRy0l2t1xl,DUITNOW_QR_TNGD,126.4,0,0,126.4,"",Settlement to Bank T+1
199,19/07/2025,18/07/2025 19:13:44,"FEI FEI CRAB HOUSE RESTAURANT",,20250718211212800100171327993696833,20250718TNGDMYNB030OQRjgw202yd,DUITNOW_QR_TNGD,444.1,0,0,444.1,"",Settlement to Bank T+1
200,19/07/2025,18/07/2025 20:10:18,"FEI FEI CRAB HOUSE RESTAURANT",,20250718211212800100171778793864126,20250718TNGDMYNB030OQR37bralt5,DUITNOW_QR_TNGD,351.5,0,0,351.5,"",Settlement to Bank T+1
201,19/07/2025,18/07/2025 20:15:03,"FEI FEI CRAB HOUSE RESTAURANT",,20250718211212800100171774093870746,20250718TNGDMYNB030OQR72cz8q5f,DUITNOW_QR_TNGD,3,0,0,3,"",Settlement to Bank T+1
202,19/07/2025,18/07/2025 21:46:09,"FEI FEI CRAB RESTAURANT SUTERA BRANCH",,20250718211212800100171072293285159,20250718TNGDMYNB030OQR8we8r509,DUITNOW_QR_TNGD,448.6,0,0,448.6,"",Settlement to Bank T+1
203,20/07/2025,19/07/2025 12:51:48,"FEI FEI CRAB HOUSE RESTAURANT",,20250719211212800100171569494548181,20250719TNGDMYNB030OQR4l917kh7,DUITNOW_QR_TNGD,3.3,0,0,3.3,"",Settlement to Bank T+1
204,20/07/2025,19/07/2025 12:53:12,"FEIFEICRABHOUSERESTAUR",,20250719211212800100171638093951910,20250719MBBEMYKL030OQR80173282,DUITNOW_QR_AQC,238.5,0,0,238.5,"",Settlement to Bank T+1
205,20/07/2025,19/07/2025 13:11:10,"FEI FEI CRAB RESTAURANT SUTERA BRANCH",,20250719211212800100171178094330681,20250719TNGDMYNB030OQRoio56775,DUITNOW_QR_TNGD,103.9,0,0,103.9,"",Settlement to Bank T+1
206,20/07/2025,19/07/2025 16:35:03,"FEIFEICRABHOUSERESTAURANT",,20250719211212800100171252994324082,20250719ALPCSGSG031OQR92031345,DUITNOW_QR_AQC_CB,760.3,0,0,760.3,"",Settlement to Bank T+1
207,20/07/2025,19/07/2025 18:49:41,"FEI FEI CRAB RESTAURANT SUTERA BRANCH",,20250719211212800100171915393820501,20250719MBBEMYKL030OQR80697300,DUITNOW_QR_AQC,127.4,0,0,127.4,"",Settlement to Bank T+1
208,20/07/2025,19/07/2025 18:58:13,"FEI FEI CRAB RESTAURANT SUTERA BRANCH",,20250719211212800100171189594634302,20250719TNGDMYNB030OQRut922012,DUITNOW_QR_TNGD,335.7,0,0,335.7,"",Settlement to Bank T+1
209,20/07/2025,19/07/2025 19:02:51,"FEI FEI CRAB HOUSE RESTAURANT",,20250719211212800100171232394333175,20250719TNGDMYNB030OQRg2k3k4xt,DUITNOW_QR_TNGD,72,0,0,72,"",Settlement to Bank T+1
210,20/07/2025,19/07/2025 19:03:03,"FEI FEI CRAB HOUSE RESTAURANT",,20250719211212800100171237994331600,20250719TNGDMYNB030OQR8952tlf4,DUITNOW_QR_TNGD,0.9,0,0,0.9,"",Settlement to Bank T+1
211,20/07/2025,19/07/2025 19:15:27,"FEIFEICRABHOUSERESTAURANT",,20250719211212800100171452993748014,20250719ALPCSGSG031OQR92052450,DUITNOW_QR_AQC_CB,480.2,0,0,480.2,"",Settlement to Bank T+1
212,20/07/2025,19/07/2025 19:47:16,"FEIFEICRABHOUSERESTAURANT",,20250719211212800100171421094382801,20250719ALPCSGSG031OQR92055201,DUITNOW_QR_AQC_CB,390,0,0,390,"",Settlement to Bank T+1
213,20/07/2025,19/07/2025 20:23:58,"FEI FEI CRAB RESTAURANT SUTERA BRANCH",,20250719211212800100171255494345952,20250719TNGDMYNB030OQRb5t4865m,DUITNOW_QR_TNGD,8.7,0,0,8.7,"",Settlement to Bank T+1
214,20/07/2025,19/07/2025 20:29:00,"FEI FEI CRAB HOUSE RESTAURANT",,20250719211212800100171317293769502,20250719TNGDMYNB030OQRz462ssux,DUITNOW_QR_TNGD,264.7,0,0,264.7,"",Settlement to Bank T+1
215,20/07/2025,19/07/2025 20:51:41,"FEI FEI CRAB RESTAURANT SUTERA BRANCH",,20250719211212800100171790294004633,20250719TNGDMYNB030OQR81d53v92,DUITNOW_QR_TNGD,272.3,0,0,272.3,"",Settlement to Bank T+1
216,20/07/2025,19/07/2025 21:30:41,"FEI FEI CRAB RESTAURANT SUTERA BRANCH",,20250719211212800100171804594203374,20250719TNGDMYNB030OQRh9z3zabh,DUITNOW_QR_TNGD,475.3,0,0,475.3,"",Settlement to Bank T+1
217,20/07/2025,19/07/2025 21:34:35,"FEI FEI CRAB RESTAURANT SUTERA BRANCH",,20250719211212800100171068494032949,20250719TNGDMYNB030OQR79fq084n,DUITNOW_QR_TNGD,235.9,0,0,235.9,"",Settlement to Bank T+1
218,20/07/2025,19/07/2025 21:56:14,"FEI FEI CRAB RESTAURANT SUTERA BRANCH",,20250719211212800100171141694125169,20250719TNGDMYNB030OQR9whaof4o,DUITNOW_QR_TNGD,161.4,0,0,161.4,"",Settlement to Bank T+1
219,20/07/2025,19/07/2025 22:18:42,"FEI FEI CRAB RESTAURANT SUTERA BRANCH",,20250719211212800100171463894060262,20250719MBBEMYKL030OQR72232222,DUITNOW_QR_AQC,706.6,0,0,706.6,"",Settlement to Bank T+1
220,21/07/2025,20/07/2025 17:28:46,"FEI FEI CRAB HOUSE RESTAURANT",,20250720211212800100171615792882091,20250720TNGDMYNB030OQRg590ew39,DUITNOW_QR_TNGD,150.9,0,0,150.9,"",Settlement to Bank T+1
221,21/07/2025,20/07/2025 17:38:31,"FEIFEICRABHOUSERESTAURANT",,20250720211212800100171141994200366,20250720HLBBMYKL030OQR00388573,DUITNOW_QR_AQC,414.5,0,0,414.5,"",Settlement to Bank T+1
222,21/07/2025,20/07/2025 17:42:28,"FEI FEI CRAB RESTAURANT SUTERA BRANCH",,20250720211212800100171079393490545,20250720TNGDMYNB030OQR8of59e2m,DUITNOW_QR_TNGD,56,0,0,56,"",Settlement to Bank T+1
223,21/07/2025,20/07/2025 17:51:18,"FEI FEI CRAB HOUSE RESTAURANT",,20250720211212800100171049593208581,20250720TNGDMYNB030OQR860u9249,DUITNOW_QR_TNGD,474.7,0,0,474.7,"",Settlement to Bank T+1
224,21/07/2025,20/07/2025 19:19:58,"FEI FEI CRAB RESTAURANT SUTERA BRANCH",,20250720211212800100171580293988812,20250720TNGDMYNB030OQRd9ga005d,DUITNOW_QR_TNGD,315.8,0,0,315.8,"",Settlement to Bank T+1
225,21/07/2025,20/07/2025 19:25:08,"FEI FEI CRAB HOUSE RESTAURANT",,20250720211212800100171529394088980,20250720TNGDMYNB030OQRy623ty9e,DUITNOW_QR_TNGD,244.1,0,0,244.1,"",Settlement to Bank T+1
226,21/07/2025,20/07/2025 20:19:00,"FEI FEI CRAB HOUSE RESTAURANT",,20250720211212800100171373694325599,20250720TNGDMYNB030OQR9hi1p2w8,DUITNOW_QR_TNGD,755.6,0,0,755.6,"",Settlement to Bank T+1
227,21/07/2025,20/07/2025 20:20:39,"FEI FEI CRAB HOUSE RESTAURANT",,20250720211212800100171614492952355,20250720TNGDMYNB030OQRpz583v21,DUITNOW_QR_TNGD,157.6,0,0,157.6,"",Settlement to Bank T+1
228,21/07/2025,20/07/2025 20:43:39,"FEI FEI CRAB RESTAURANT SUTERA BRANCH",,20250720211212800100171883894136628,20250720TNGDMYNB030OQRit4b2m84,DUITNOW_QR_TNGD,313.1,0,0,313.1,"",Settlement to Bank T+1
229,21/07/2025,20/07/2025 22:25:56,"FEI FEI CRAB HOUSE RESTAURANT",,20250720211212800100171525394094446,20250720TNGDMYNB030OQR84im55im,DUITNOW_QR_TNGD,158.9,0,0,158.9,"",Settlement to Bank T+1
230,22/07/2025,21/07/2025 12:32:02,"FEI FEI CRAB RESTAURANT SUTERA BRANCH",,20250721211212800100171460794215518,20250721TNGDMYNB030OQRh3deis8m,DUITNOW_QR_TNGD,17.9,0,0,17.9,"",Settlement to Bank T+1
231,22/07/2025,21/07/2025 14:54:15,"FEI FEI CRAB RESTAURANT SUTERA BRANCH",,20250721211212800100171026694490979,20250721TNGDMYNB030OQRq4xdu80a,DUITNOW_QR_TNGD,19.6,0,0,19.6,"",Settlement to Bank T+1
232,22/07/2025,21/07/2025 20:08:12,"FEI FEI CRAB RESTAURANT SUTERA BRANCH",,20250721211212800100171490494590445,20250721PBBEMYKL030OQR20069680,DUITNOW_QR_AQC,485.6,0,0,485.6,"",Settlement to Bank T+1
233,22/07/2025,21/07/2025 20:17:39,"FEI FEI CRAB HOUSE RESTAURANT",,20250721211212800100171112394041897,20250721TNGDMYNB030OQRm8c8joc4,DUITNOW_QR_TNGD,100,0,0,100,"",Settlement to Bank T+1
234,22/07/2025,21/07/2025 20:20:04,"FEI FEI CRAB HOUSE RESTAURANT",,20250721211212800100171114894076473,20250721TNGDMYNB030OQRshfch4bo,DUITNOW_QR_TNGD,87.5,0,0,87.5,"",Settlement to Bank T+1
235,22/07/2025,21/07/2025 20:25:26,"FEI FEI CRAB HOUSE RESTAURANT",,20250721211212800100171843993699604,20250721TNGDMYNB030OQR6gzx3xt5,DUITNOW_QR_TNGD,160.8,0,0,160.8,"",Settlement to Bank T+1
236,22/07/2025,21/07/2025 21:04:39,"FEI FEI CRAB RESTAURANT SUTERA BRANCH",,20250721211212800100171509794210474,20250721TNGDMYNB030OQRt49em066,DUITNOW_QR_TNGD,195.3,0,0,195.3,"",Settlement to Bank T+1
237,23/07/2025,22/07/2025 13:38:27,"FEI FEI CRAB RESTAURANT SUTERA BRANCH",,20250722211212800100171295893587205,20250722TNGDMYNB030OQRd1q7f7bd,DUITNOW_QR_TNGD,183.2,0,0,183.2,"",Settlement to Bank T+1
238,23/07/2025,22/07/2025 16:22:35,"FEIFEICRABHOUSERESTAURANT",,20250722211212800100171287293961083,20250722HLBBMYKL030OQR01954519,DUITNOW_QR_AQC,234.5,0,0,234.5,"",Settlement to Bank T+1
239,23/07/2025,22/07/2025 16:58:01,"FEI FEI CRAB RESTAURANT SUTERA BRANCH",,20250722211212800100171946594019535,20250722TNGDMYNB030OQRhs67irar,DUITNOW_QR_TNGD,23.3,0,0,23.3,"",Settlement to Bank T+1
240,23/07/2025,22/07/2025 18:56:52,"FEI FEI CRAB HOUSE RESTAURANT",,20250722211212800100171985093741506,20250722TNGDMYNB030OQR8ci23068,DUITNOW_QR_TNGD,314.8,0,0,314.8,"Payment for food",Settlement to Bank T+1
241,23/07/2025,22/07/2025 20:54:54,"FEI FEI CRAB RESTAURANT SUTERA BRANCH",,20250722211212800100171411494033684,20250722CIBBMYKL030OQR06603116,DUITNOW_QR_AQC,154.5,0,0,154.5,"",Settlement to Bank T+1
242,24/07/2025,23/07/2025 13:07:14,"FEI FEI CRAB HOUSE RESTAURANT",,20250723211212800100171620194208541,20250723TNGDMYNB030OQRkz1fx0js,DUITNOW_QR_TNGD,157.1,0,0,157.1,"",Settlement to Bank T+1
243,24/07/2025,23/07/2025 17:41:56,"FEI FEI CRAB HOUSE RESTAURANT",,20250723211212800110171739327908058,c1xc2035,PAYMENT,18.7,0,0,18.7,"",Settlement to Bank T+1
244,24/07/2025,23/07/2025 18:54:34,"FEI FEI CRAB HOUSE RESTAURANT",,20250723211212800100171077593845880,20250723TNGDMYNB030OQR7gyjmk37,DUITNOW_QR_TNGD,317.6,0,0,317.6,"",Settlement to Bank T+1
245,24/07/2025,23/07/2025 21:20:09,"FEI FEI CRAB HOUSE RESTAURANT",,20250723211212800100171101594970646,20250723TNGDMYNB030OQRadyr1rj8,DUITNOW_QR_TNGD,93.7,0,0,93.7,"",Settlement to Bank T+1
246,24/07/2025,23/07/2025 21:47:49,"FEI FEI CRAB HOUSE RESTAURANT",,20250723211212800100171184595104632,20250723TNGDMYNB030OQR2b7na618,DUITNOW_QR_TNGD,376.4,0,0,376.4,"",Settlement to Bank T+1
247,24/07/2025,23/07/2025 22:02:06,"FEIFEICRABHOUSERESTAURANT",,20250723211212800100171155694129585,20250723HLBBMYKL030OQR03051764,DUITNOW_QR_AQC,136.4,0,0,136.4,"",Settlement to Bank T+1
248,25/07/2025,24/07/2025 12:16:50,"FEI FEI CRAB HOUSE RESTAURANT",,20250724211212800100171665593704341,20250724TNGDMYNB030OQR08c7vxg0,DUITNOW_QR_TNGD,168.9,0,0,168.9,"",Settlement to Bank T+1
249,25/07/2025,24/07/2025 13:09:27,"FEI FEI CRAB HOUSE RESTAURANT",,20250724211212800100171052193804800,20250724TNGDMYNB030OQR8962dc6r,DUITNOW_QR_TNGD,395.2,0,0,395.2,"",Settlement to Bank T+1
250,25/07/2025,24/07/2025 13:26:14,"FEI FEI CRAB HOUSE RESTAURANT",,20250724211212800100171895994253386,20250724TNGDMYNB030OQRitts2dhq,DUITNOW_QR_TNGD,92.9,0,0,92.9,"",Settlement to Bank T+1
251,25/07/2025,24/07/2025 15:06:15,"FEI FEI CRAB RESTAURANT SUTERA BRANCH",,20250724211212800100171231894904129,20250724TNGDMYNB030OQR8q293uqb,DUITNOW_QR_TNGD,231.1,0,0,231.1,"",Settlement to Bank T+1
252,25/07/2025,24/07/2025 19:22:26,"FEI FEI CRAB RESTAURANT SUTERA BRANCH",,20250724211212800100171346395476640,20250724TNGDMYNB030OQR52nnr67x,DUITNOW_QR_TNGD,171.9,0,0,171.9,"",Settlement to Bank T+1
253,25/07/2025,24/07/2025 19:32:10,"FEI FEI CRAB RESTAURANT SUTERA BRANCH",,20250724211212800100171144594684109,20250724TNGDMYNB030OQR22aoi0qj,DUITNOW_QR_TNGD,496.5,0,0,496.5,"",Settlement to Bank T+1
254,25/07/2025,24/07/2025 20:52:57,"FEIFEICRABHOUSERESTAURANT",,20250724211212800100171386294350284,20250724ALPCSGSG031OQR92565496,DUITNOW_QR_AQC_CB,363.4,0,0,363.4,"",Settlement to Bank T+1
255,25/07/2025,24/07/2025 21:04:54,"FEI FEI CRAB HOUSE RESTAURANT",,20250724211212800100171025894858276,20250724TNGDMYNB030OQR0fdjj0nd,DUITNOW_QR_TNGD,228.5,0,0,228.5,"",Settlement to Bank T+1
256,25/07/2025,24/07/2025 21:09:31,"FEI FEI CRAB RESTAURANT SUTERA BRANCH",,20250724211212800100171940894232582,20250724TNGDMYNB030OQR371526h0,DUITNOW_QR_TNGD,145.4,0,0,145.4,"",Settlement to Bank T+1
257,25/07/2025,24/07/2025 21:11:52,"FEI FEI CRAB RESTAURANT SUTERA BRANCH",,20250724211212800100171924193565055,20250724ALPCSGSG031OQR92570793,DUITNOW_QR_AQC_CB,1393.3,0,0,1393.3,"",Settlement to Bank T+1
258,25/07/2025,24/07/2025 21:25:38,"FEI FEI CRAB HOUSE RESTAURANT",,20250724211212800100171757394046203,20250724TNGDMYNB030OQRyoj994oh,DUITNOW_QR_TNGD,67.9,0,0,67.9,"",Settlement to Bank T+1
259,25/07/2025,24/07/2025 22:02:39,"FEIFEICRABHOUSERESTAURANT",,20250724211212800100171599693975654,20250724HLBBMYKL030OQR03981053,DUITNOW_QR_AQC,349,0,0,349,"",Settlement to Bank T+1
260,25/07/2025,24/07/2025 22:14:02,"FEI FEI CRAB HOUSE RESTAURANT",,20250724211212800100171434993654409,20250724TNGDMYNB030OQRt2xpn725,DUITNOW_QR_TNGD,609.2,0,0,609.2,"",Settlement to Bank T+1
261,26/07/2025,25/07/2025 12:30:01,"FEI FEI CRAB HOUSE RESTAURANT",,20250725211212800100171630294645951,20250725CIBBMYKL030OQR03778490,DUITNOW_QR_AQC,276.8,0,0,276.8,"",Settlement to Bank T+1
262,26/07/2025,25/07/2025 14:01:52,"FEI FEI CRAB RESTAURANT SUTERA BRANCH",,20250725211212800100171314294432218,20250725TNGDMYNB030OQRx6nm8wv0,DUITNOW_QR_TNGD,93.7,0,0,93.7,"",Settlement to Bank T+1
263,26/07/2025,25/07/2025 14:51:39,"FEI FEI CRAB HOUSE RESTAURANT",,20250725211212800100171107195158432,20250725TNGDMYNB030OQRvu33789o,DUITNOW_QR_TNGD,93.5,0,0,93.5,"",Settlement to Bank T+1
264,26/07/2025,25/07/2025 15:07:21,"FEI FEI CRAB RESTAURANT SUTERA BRANCH",,20250725211212800100171807194867208,20250725PBBEMYKL030OQR15095255,DUITNOW_QR_AQC,231.1,0,0,231.1,"",Settlement to Bank T+1
265,26/07/2025,25/07/2025 17:18:40,"FEI FEI CRAB RESTAURANT SUTERA BRANCH",,20250725211212800100171441694735896,20250725TNGDMYNB030OQRpgog71px,DUITNOW_QR_TNGD,243.8,0,0,243.8,"",Settlement to Bank T+1
266,26/07/2025,25/07/2025 18:37:30,"FEI FEI CRAB HOUSE RESTAURANT",,20250725211212800100171994194093630,20250725TNGDMYNB030OQRggy3ln95,DUITNOW_QR_TNGD,70.8,0,0,70.8,"",Settlement to Bank T+1
267,26/07/2025,25/07/2025 18:48:25,"FEI FEI CRAB RESTAURANT SUTERA BRANCH",,20250725211212800100171535094332213,20250725TNGDMYNB030OQRi05732wx,DUITNOW_QR_TNGD,139,0,0,139,"",Settlement to Bank T+1
268,26/07/2025,25/07/2025 19:26:06,"FEIFEICRABHOUSERESTAUR",,20250725211212800100171894894413525,20250725MBBEMYKL030OQR80933986,DUITNOW_QR_AQC,89.1,0,0,89.1,"",Settlement to Bank T+1
269,26/07/2025,25/07/2025 19:43:25,"FEIFEICRABHOUSERESTAUR",,20250725211212800100171841594157797,20250725MBBEMYKL030OQR80962998,DUITNOW_QR_AQC,139.7,0,0,139.7,"",Settlement to Bank T+1
270,26/07/2025,25/07/2025 21:14:36,"FEIFEICRABHOUSERESTAUR",,20250725211212800100171849294171939,20250725MBBEMYKL030OQR73417012,DUITNOW_QR_AQC,112.3,0,0,112.3,"",Settlement to Bank T+1
271,26/07/2025,25/07/2025 21:18:31,"FEI FEI CRAB HOUSE RESTAURANT",,20250725211212800100171081894748723,20250725TNGDMYNB030OQRvchpyn4u,DUITNOW_QR_TNGD,592.1,0,0,592.1,"",Settlement to Bank T+1
272,26/07/2025,25/07/2025 21:26:55,"FEI FEI CRAB RESTAURANT SUTERA BRANCH",,20250725211212800100171173495082235,20250725TNGDMYNB030OQRk9b03324,DUITNOW_QR_TNGD,355.6,0,0,355.6,"",Settlement to Bank T+1
273,26/07/2025,25/07/2025 22:01:17,"FEI FEI CRAB HOUSE RESTAURANT",,20250725211212800100171554093901254,20250725TNGDMYNB030OQR2il304wa,DUITNOW_QR_TNGD,149.9,0,0,149.9,"dinner",Settlement to Bank T+1
274,26/07/2025,25/07/2025 22:09:09,"FEI FEI CRAB HOUSE RESTAURANT",,20250725211212800100171727594938676,20250725TNGDMYNB030OQR72szv7co,DUITNOW_QR_TNGD,432.2,0,0,432.2,"",Settlement to Bank T+1
275,26/07/2025,25/07/2025 22:36:50,"FEI FEI CRAB HOUSE RESTAURANT",,20250725211212800100171043693866461,20250725TNGDMYNB030OQR8h4p6hru,DUITNOW_QR_TNGD,294.8,0,0,294.8,"",Settlement to Bank T+1
276,27/07/2025,26/07/2025 12:56:27,"FEI FEI CRAB HOUSE RESTAURANT",,20250726211212800100171087494794666,20250726TNGDMYNB030OQRpv97hen3,DUITNOW_QR_TNGD,505.4,0,0,505.4,"",Settlement to Bank T+1
277,27/07/2025,26/07/2025 14:59:31,"FEIFEICRABHOUSERESTAUR",,20250726211212800100171913394601766,20250726MBBEMYKL030OQR74426150,DUITNOW_QR_AQC,186.1,0,0,186.1,"",Settlement to Bank T+1
278,27/07/2025,26/07/2025 16:11:37,"FEI FEI CRAB HOUSE RESTAURANT",,20250726211212800100171139794373008,20250726TNGDMYNB030OQR38r99875,DUITNOW_QR_TNGD,347.7,0,0,347.7,"",Settlement to Bank T+1
279,27/07/2025,26/07/2025 16:29:55,"FEI FEI CRAB HOUSE RESTAURANT",,20250726211212800100171162394523596,20250726UOVBMYKL030OQR06143541,DUITNOW_QR_AQC,253.8,0,0,253.8,"",Settlement to Bank T+1
280,27/07/2025,26/07/2025 16:35:40,"FEI FEI CRAB RESTAURANT SUTERA BRANCH",,20250726211212800100171776394752112,20250726TNGDMYNB030OQRm165yt61,DUITNOW_QR_TNGD,16.1,0,0,16.1,"",Settlement to Bank T+1
281,27/07/2025,26/07/2025 17:22:33,"FEI FEI CRAB HOUSE RESTAURANT",,20250726211212800100171271194338522,20250726TNGDMYNB030OQR68vbdo27,DUITNOW_QR_TNGD,299.3,0,0,299.3,"",Settlement to Bank T+1
282,27/07/2025,26/07/2025 17:43:26,"FEI FEI CRAB RESTAURANT SUTERA BRANCH",,20250726211212800100171810794812980,20250726GXSPMYKL030OQR76475958,DUITNOW_QR_AQC,19.6,0,0,19.6,"",Settlement to Bank T+1
283,27/07/2025,26/07/2025 17:44:01,"FEIFEICRABHOUSERESTAUR",,20250726211212800100171532194436859,20250726MBBEMYKL030OQR74684200,DUITNOW_QR_AQC,17.9,0,0,17.9,"",Settlement to Bank T+1
284,27/07/2025,26/07/2025 18:42:44,"FEI FEI CRAB RESTAURANT SUTERA BRANCH",,20250726211212800100171196894229899,20250726PBBEMYKL030OQR18451489,DUITNOW_QR_AQC,462.7,0,0,462.7,"",Settlement to Bank T+1
285,27/07/2025,26/07/2025 19:22:13,"FEI FEI CRAB RESTAURANT SUTERA BRANCH",,20250726211212800100171068694831707,20250726TNGDMYNB030OQRuh129c86,DUITNOW_QR_TNGD,119.2,0,0,119.2,"2jln utama 11 tmn mutiar",Settlement to Bank T+1
286,27/07/2025,26/07/2025 20:39:06,"FEI FEI CRAB RESTAURANT SUTERA BRANCH",,20250726211212800100171350694014393,20250726TNGDMYNB030OQRv69zb8w3,DUITNOW_QR_TNGD,384.1,0,0,384.1,"",Settlement to Bank T+1
287,27/07/2025,26/07/2025 21:00:29,"FEI FEI CRAB RESTAURANT SUTERA BRANCH",,20250726211212800100171994394210921,20250726TNGDMYNB030OQRz52y18m3,DUITNOW_QR_TNGD,184.2,0,0,184.2,"",Settlement to Bank T+1
288,27/07/2025,26/07/2025 21:15:53,"FEI FEI CRAB HOUSE RESTAURANT",,20250726211212800100171878694798050,20250726TNGDMYNB030OQR5bv9mw0x,DUITNOW_QR_TNGD,1472.5,0,0,1472.5,"",Settlement to Bank T+1
289,27/07/2025,26/07/2025 21:26:53,"FEI FEI CRAB RESTAURANT SUTERA BRANCH",,20250726211212800100171323594627370,20250726TNGDMYNB030OQRiz87qv96,DUITNOW_QR_TNGD,347.3,0,0,347.3,"",Settlement to Bank T+1
290,27/07/2025,26/07/2025 21:42:04,"FEI FEI CRAB RESTAURANT SUTERA BRANCH",,20250726211212800100171246893873575,20250726CIBBMYKL030OQR07830680,DUITNOW_QR_AQC,215.6,0,0,215.6,"",Settlement to Bank T+1
291,27/07/2025,26/07/2025 22:46:54,"FEI FEI CRAB HOUSE RESTAURANT",,20250726211212800100171633494830392,20250726TNGDMYNB030OQR6u3gtdt9,DUITNOW_QR_TNGD,342.7,0,0,342.7,"",Settlement to Bank T+1
292,28/07/2025,27/07/2025 13:36:27,"FEI FEI CRAB HOUSE RESTAURANT",,20250727211212800100171991794275319,20250727PBBEMYKL030OQR13319761,DUITNOW_QR_AQC,319.7,0,0,319.7,"",Settlement to Bank T+1
293,28/07/2025,27/07/2025 15:04:36,"FEI FEI CRAB HOUSE RESTAURANT",,20250727211212800100171881694926441,20250727TNGDMYNB030OQR8230oo70,DUITNOW_QR_TNGD,322.7,0,0,322.7,"",Settlement to Bank T+1
294,28/07/2025,27/07/2025 16:00:01,"FEI FEI CRAB HOUSE RESTAURANT",,20250727211212800100171630794892437,20250727TNGDMYNB030OQRq182zf69,DUITNOW_QR_TNGD,64.5,0,0,64.5,"",Settlement to Bank T+1
295,28/07/2025,27/07/2025 16:05:38,"FEI FEI CRAB HOUSE RESTAURANT",,20250727211212800100171365494357308,20250727TNGDMYNB030OQRfj6a2ofl,DUITNOW_QR_TNGD,215.3,0,0,215.3,"Seng",Settlement to Bank T+1
296,28/07/2025,27/07/2025 17:40:45,"FEI FEI CRAB HOUSE RESTAURANT",,20250727211212800100171564395502036,20250727TNGDMYNB030OQR50w807d0,DUITNOW_QR_TNGD,342.7,0,0,342.7,"Siewling Lee",Settlement to Bank T+1
297,28/07/2025,27/07/2025 18:28:54,"FEI FEI CRAB RESTAURANT SUTERA BRANCH",,20250727211212800100171118094734016,20250727TNGDMYNB030OQRzswt6dra,DUITNOW_QR_TNGD,123.9,0,0,123.9,"",Settlement to Bank T+1
298,28/07/2025,27/07/2025 18:59:53,"FEI FEI CRAB HOUSE RESTAURANT",,20250727211212800100171767595168908,20250727TNGDMYNB030OQRi22632th,DUITNOW_QR_TNGD,304.2,0,0,304.2,"",Settlement to Bank T+1
299,28/07/2025,27/07/2025 19:30:34,"FEI FEI CRAB RESTAURANT SUTERA BRANCH",,20250727211212800100171341695880105,20250727TNGDMYNB030OQRao7tbk1l,DUITNOW_QR_TNGD,15.7,0,0,15.7,"",Settlement to Bank T+1
300,28/07/2025,27/07/2025 20:11:46,"FEI FEI CRAB HOUSE RESTAURANT",,20250727211212800100171361694391724,20250727TNGDMYNB030OQRaqc26dp3,DUITNOW_QR_TNGD,241.7,0,0,241.7,"",Settlement to Bank T+1
301,28/07/2025,27/07/2025 20:12:03,"FEIFEICRABHOUSERESTAURANT",,20250727211212800100171317194690299,20250727HLBBMYKL030OQR06599126,DUITNOW_QR_AQC,347.8,0,0,347.8,"",Settlement to Bank T+1
302,28/07/2025,27/07/2025 20:49:36,"FEIFEICRABHOUSERESTAUR",,20250727211212800100171012394750370,20250727MBBEMYKL030OQR76435324,DUITNOW_QR_AQC,690.3,0,0,690.3,"",Settlement to Bank T+1
303,28/07/2025,27/07/2025 20:55:32,"FEI FEI CRAB HOUSE RESTAURANT",,20250727211212800100171873494904299,20250727TNGDMYNB030OQR1qerb5iw,DUITNOW_QR_TNGD,4.2,0,0,4.2,"",Settlement to Bank T+1
304,28/07/2025,27/07/2025 21:37:07,"FEI FEI CRAB RESTAURANT SUTERA BRANCH",,20250727211212800100171642594841097,20250727TNGDMYNB030OQR7v29yof2,DUITNOW_QR_TNGD,219.1,0,0,219.1,"",Settlement to Bank T+1
305,29/07/2025,28/07/2025 13:31:17,"FEI FEI CRAB HOUSE RESTAURANT",,20250728211212800100171431894062768,20250728TNGDMYNB030OQR9zk31u92,DUITNOW_QR_TNGD,17,0,0,17,"",Settlement to Bank T+1
306,29/07/2025,28/07/2025 14:13:07,"FEI FEI CRAB RESTAURANT SUTERA BRANCH",,20250728211212800100171773194950869,20250728TNGDMYNB030OQR06w26w0t,DUITNOW_QR_TNGD,16.1,0,0,16.1,"",Settlement to Bank T+1
307,29/07/2025,28/07/2025 15:49:40,"FEI FEI CRAB HOUSE RESTAURANT",,20250728211212800100171689294651742,20250728TNGDMYNB030OQR6829o49p,DUITNOW_QR_TNGD,115.8,0,0,115.8,"",Settlement to Bank T+1
308,29/07/2025,28/07/2025 16:51:33,"FEI FEI CRAB HOUSE RESTAURANT",,20250728211212800100171869895037008,20250728TNGDMYNB030OQR63ykwa6d,DUITNOW_QR_TNGD,171.5,0,0,171.5,"",Settlement to Bank T+1
309,29/07/2025,28/07/2025 18:32:34,"FEI FEI CRAB HOUSE RESTAURANT",,20250728211212800100171001695213951,20250728TNGDMYNB030OQRr8rzy15n,DUITNOW_QR_TNGD,133.9,0,0,133.9,"",Settlement to Bank T+1
310,29/07/2025,28/07/2025 18:56:31,"FEI FEI CRAB HOUSE RESTAURANT",,20250728211212800100171991294413104,20250728CIBBMYKL030OQR14530547,DUITNOW_QR_AQC,290,0,0,290,"",Settlement to Bank T+1
311,29/07/2025,28/07/2025 18:57:01,"FEI FEI CRAB HOUSE RESTAURANT",,20250728211212800100171437294105728,20250728CIBBMYKL030OQR14534187,DUITNOW_QR_AQC,14,0,0,14,"",Settlement to Bank T+1
312,29/07/2025,28/07/2025 20:00:19,"FEI FEI CRAB HOUSE RESTAURANT",,20250728211212800100171703795430364,20250728GXSPMYKL030OQR47239852,DUITNOW_QR_AQC,176.4,0,0,176.4,"",Settlement to Bank T+1
313,29/07/2025,28/07/2025 20:44:19,"FEI FEI CRAB RESTAURANT SUTERA BRANCH",,20250728211212800100171381594831881,20250728TNGDMYNB030OQRjt54q633,DUITNOW_QR_TNGD,259.8,0,0,259.8,"",Settlement to Bank T+1
314,29/07/2025,28/07/2025 22:42:13,"FEI FEI CRAB HOUSE RESTAURANT",,20250728211212800100171349296003452,20250728TNGDMYNB030OQRv04s9i0c,DUITNOW_QR_TNGD,284,0,0,284,"",Settlement to Bank T+1
315,30/07/2025,29/07/2025 13:03:48,"FEI FEI CRAB RESTAURANT SUTERA BRANCH",,20250729211212800100171816495097198,20250729TNGDMYNB030OQRky6tcn58,DUITNOW_QR_TNGD,15.7,0,0,15.7,"",Settlement to Bank T+1
316,30/07/2025,29/07/2025 14:56:53,"FEI FEI CRAB RESTAURANT SUTERA BRANCH",,20250729211212800100171766695355531,20250729TNGDMYNB030OQRc4943982,DUITNOW_QR_TNGD,120.9,0,0,120.9,"",Settlement to Bank T+1
317,30/07/2025,29/07/2025 19:01:26,"FEI FEI CRAB HOUSE RESTAURANT",,20250729211212800100171607795159721,20250729TNGDMYNB030OQRtmz9mkm4,DUITNOW_QR_TNGD,129.2,0,0,129.2,"",Settlement to Bank T+1
318,30/07/2025,29/07/2025 19:45:34,"FEI FEI CRAB HOUSE RESTAURANT",,20250729211212800100171605895163406,20250729TNGDMYNB030OQRv36wfiqa,DUITNOW_QR_TNGD,103.9,0,0,103.9,"",Settlement to Bank T+1
319,30/07/2025,29/07/2025 19:49:45,"FEI FEI CRAB HOUSE RESTAURANT",,20250729211212800100171886695168154,20250729TNGDMYNB030OQRghgwtjma,DUITNOW_QR_TNGD,23.7,0,0,23.7,"",Settlement to Bank T+1
320,30/07/2025,29/07/2025 20:19:53,"FEI FEI CRAB HOUSE RESTAURANT",,20250729211212800100171866695163059,20250729TNGDMYNB030OQR13tz912q,DUITNOW_QR_TNGD,149.5,0,0,149.5,"",Settlement to Bank T+1
321,30/07/2025,29/07/2025 20:21:19,"FEIFEICRABHOUSERESTAURANT",,20250729211212800100171866795161093,20250729HLBBMYKL030OQR08228999,DUITNOW_QR_AQC,257.1,0,0,257.1,"",Settlement to Bank T+1
322,30/07/2025,29/07/2025 20:37:15,"FEI FEI CRAB RESTAURANT SUTERA BRANCH",,20250729211212800100171445795199274,20250729TNGDMYNB030OQR56r0c85g,DUITNOW_QR_TNGD,218.8,0,0,218.8,"",Settlement to Bank T+1
323,30/07/2025,29/07/2025 21:51:45,"FEI FEI CRAB HOUSE RESTAURANT",,20250729211212800100171434594221546,20250729TNGDMYNB030OQR3i609xvl,DUITNOW_QR_TNGD,17,0,0,17,"",Settlement to Bank T+1
324,31/07/2025,30/07/2025 12:28:16,"FEI FEI CRAB RESTAURANT SUTERA BRANCH",,20250730211212800100171852494893109,20250730MBBEMYKL030OQR88060592,DUITNOW_QR_AQC,133.9,0,0,133.9,"",Settlement to Bank T+1
325,31/07/2025,30/07/2025 14:28:50,"FEI FEI CRAB HOUSE RESTAURANT",,20250730211212800100171724595443438,20250730CIBBMYKL030OQR04487927,DUITNOW_QR_AQC,474.9,0,0,474.9,"",Settlement to Bank T+1
326,31/07/2025,30/07/2025 17:14:45,"FEIFEICRABHOUSERESTAURANT",,20250730211212800100171022695548978,20250730ALPCSGSG031OQR93108075,DUITNOW_QR_AQC_CB,375.8,0,0,375.8,"",Settlement to Bank T+1
327,31/07/2025,30/07/2025 17:20:38,"FEI FEI CRAB HOUSE RESTAURANT",,20250730211212800100171614394052768,20250730TNGDMYNB030OQRt824mw85,DUITNOW_QR_TNGD,122.9,0,0,122.9,"",Settlement to Bank T+1
328,31/07/2025,30/07/2025 18:16:09,"FEI FEI CRAB HOUSE RESTAURANT",,20250730211212800100171760695488278,20250730TNGDMYNB030OQRfg6251x1,DUITNOW_QR_TNGD,231.1,0,0,231.1,"",Settlement to Bank T+1
329,31/07/2025,30/07/2025 18:16:48,"FEI FEI CRAB HOUSE RESTAURANT",,20250730211212800100171761295488285,20250730TNGDMYNB030OQR3zwi12s7,DUITNOW_QR_TNGD,16,0,0,16,"",Settlement to Bank T+1
330,31/07/2025,30/07/2025 18:43:11,"FEI FEI CRAB RESTAURANT SUTERA BRANCH",,20250730211212800100171665594435050,20250730TNGDMYNB030OQR449g41qh,DUITNOW_QR_TNGD,167.5,0,0,167.5,"",Settlement to Bank T+1
331,31/07/2025,30/07/2025 18:43:59,"FEI FEI CRAB RESTAURANT SUTERA BRANCH",,20250730211212800100171667794425714,20250730TNGDMYNB030OQR86oou15g,DUITNOW_QR_TNGD,12,0,0,12,"",Settlement to Bank T+1
332,31/07/2025,30/07/2025 18:59:51,"FEI FEI CRAB RESTAURANT SUTERA BRANCH",,20250730211212800100171928394249668,20250730TPTCCHGU031OQR96121073,DUITNOW_QR_AQC_CB,511.8,0,0,511.8,"",Settlement to Bank T+1
333,31/07/2025,30/07/2025 19:53:00,"FEI FEI CRAB RESTAURANT SUTERA BRANCH",,20250730211212800100171294894544268,20250730TNGDMYNB030OQR06e35yp6,DUITNOW_QR_TNGD,81,0,0,81,"",Settlement to Bank T+1
334,31/07/2025,30/07/2025 20:09:25,"FEI FEI CRAB HOUSE RESTAURANT",,20250730211212800100171572695073832,20250730TNGDMYNB030OQRnjh6h795,DUITNOW_QR_TNGD,159.4,0,0,159.4,"",Settlement to Bank T+1
335,31/07/2025,30/07/2025 20:54:35,"FEI FEI CRAB HOUSE RESTAURANT",,20250730211212800100171993794636401,20250730TNGDMYNB030OQRu1vnx10m,DUITNOW_QR_TNGD,166.7,0,0,166.7,"",Settlement to Bank T+1
336,31/07/2025,30/07/2025 21:01:07,"FEI FEI CRAB HOUSE RESTAURANT",,20250730211212800100171417894974694,20250730PBBEMYKL030OQR21077709,DUITNOW_QR_AQC,398.6,0,0,398.6,"",Settlement to Bank T+1
337,31/07/2025,30/07/2025 22:16:04,"FEI FEI CRAB RESTAURANT SUTERA BRANCH",,20250730211212800100171590794634767,20250730CIBBMYKL030OQR08721518,DUITNOW_QR_AQC,160.2,0,0,160.2,"",Settlement to Bank T+1
338,31/07/2025,30/07/2025 23:48:41,"FEIFEICRABHOUSERESTAUR",,20250730211212800100171035095113761,20250730MBBEMYKL030OQR80270421,DUITNOW_QR_AQC,13,0,0,13,"",Settlement to Bank T+1
339,01/08/2025,31/07/2025 13:41:20,"FEI FEI CRAB HOUSE RESTAURANT",,20250731211212800100171071594709647,20250731TNGDMYNB030OQR88g0h907,DUITNOW_QR_TNGD,327.6,0,0,327.6,"",Settlement to Bank T+1
340,01/08/2025,31/07/2025 14:54:36,"FEI FEI CRAB RESTAURANT SUTERA BRANCH",,20250731211212800100171037095186801,20250731TPTCCHGU031OQR29385321,DUITNOW_QR_AQC_CB,77.4,0,0,77.4,"",Settlement to Bank T+1
341,01/08/2025,31/07/2025 19:18:45,"FEI FEI CRAB HOUSE RESTAURANT",,20250731211212800100171907195133467,20250731TNGDMYNB030OQRh03on9vt,DUITNOW_QR_TNGD,337.9,0,0,337.9,"",Settlement to Bank T+1
342,01/08/2025,31/07/2025 19:58:37,"FEI FEI CRAB HOUSE RESTAURANT",,20250731211212800100171764995611390,20250731PBBEMYKL030OQR19566840,DUITNOW_QR_AQC,59.4,0,0,59.4,"",Settlement to Bank T+1
343,01/08/2025,31/07/2025 20:09:32,"FEI FEI CRAB HOUSE RESTAURANT",,20250731211212800100171940295060275,20250731CIBBMYKL030OQR08461528,DUITNOW_QR_AQC,182,0,0,182,"",Settlement to Bank T+1
344,01/08/2025,31/07/2025 21:53:28,"FEI FEI CRAB HOUSE RESTAURANT",,20250731211212800100171868895400068,20250731TNGDMYNB030OQR8n165243,DUITNOW_QR_TNGD,893.7,0,0,893.7,"",Settlement to Bank T+1
345,01/08/2025,31/07/2025 22:27:05,"FEI FEI CRAB HOUSE RESTAURANT",,20250731211212800100171638595334238,20250731TNGDMYNB030OQR4u44o94f,DUITNOW_QR_TNGD,209.8,0,0,209.8,"",Settlement to Bank T+1
,,,,,,,Total:,81597.67,0,0,81597.67
