Settlement Report Date,09/2025
Report Reference,MMSDO_P_202509_EP113200
Merchant ID,217120000002167096846
External MID,EP113200
Merchant Name,"FEI FEI CRAB RESTAURANT AUSTIN"
Merchant Company Name,FEI FEI CRAB HOUSE SDN BHD

Merchant Monthly Settlement Report Detailed for E-WALLET Payment

No,Settlement Date,Transaction Datetime,Shop/Outlet Name,Shop/Outlet Location,Transaction Reference,Merchant Reference,Transaction Type,Transaction Amount (RM),Commission Amount (RM),Commission GST (RM),Settlement Amount (RM),Payment Details,Settlement Mode
1,02/09/2025,01/09/2025 13:50:12,"FEI FEI CRAB RESTAURANT SUTERA BRANCH",,20250901211212800100171627398773732,20250901TNGDMYNB030OQRvo38583l,DUITNOW_QR_TNGD,192,0,0,192,"",Settlement to Bank T+1
2,02/09/2025,01/09/2025 14:29:42,"FEI FEI CRAB RESTAURANT AUSTIN",,20250901211212800100171956699002234,20250901CIBBMYKL030OQR12843231,DUITNOW_QR_AQC,120.2,0,0,120.2,"",Settlement to Bank T+1
3,02/09/2025,01/09/2025 15:04:47,"FEI FEI CRAB RESTAURANT ECO BOTANIC BRANCH",,20250901211212800100171090198932186,20250901TNGDMYNB030OQRu2l03c22,DUITNOW_QR_TNGD,306.4,0,0,306.4,"",Settlement to Bank T+1
4,02/09/2025,01/09/2025 16:57:09,"FEI FEI CRAB RESTAURANT SUTERA BRANCH",,20250901211212800100171881599042518,20250901TNGDMYNB030OQR3712dbna,DUITNOW_QR_TNGD,135,0,0,135,"",Settlement to Bank T+1
5,02/09/2025,01/09/2025 17:00:41,"FEI FEI CRAB RESTAURANT AUSTIN",,20250901211212800100171435898037190,20250901TNGDMYNB030OQRc4l84rol,DUITNOW_QR_TNGD,20.7,0,0,20.7,"",Settlement to Bank T+1
6,02/09/2025,01/09/2025 18:48:29,"FEI FEI CRAB RESTAURANT SUTERA BRANCH",,20250901211212800100171865599057687,20250901TNGDMYNB030OQRkh1bm161,DUITNOW_QR_TNGD,26.8,0,0,26.8,"dinner",Settlement to Bank T+1
7,02/09/2025,01/09/2025 18:57:12,"FEI FEI CRAB RESTAURANT AUSTIN",,20250901211212800100171693598859941,20250901TNGDMYNB030OQR6399mf75,DUITNOW_QR_TNGD,3,0,0,3,"",Settlement to Bank T+1
8,02/09/2025,01/09/2025 19:55:05,"FEI FEI CRAB RESTAURANT ECO BOTANIC BRANCH",,20250901211212800100171842098449382,20250901HLBBMYKL030OQR39258817,DUITNOW_QR_AQC,5.1,0,0,5.1,"",Settlement to Bank T+1
9,02/09/2025,01/09/2025 20:25:28,"FEI FEI CRAB RESTAURANT SUTERA BRANCH",,20250901211212800100171608499043954,20250901TNGDMYNB030OQRxe786vyc,DUITNOW_QR_TNGD,414.8,0,0,414.8,"",Settlement to Bank T+1
10,02/09/2025,01/09/2025 21:02:42,"FEI FEI CRAB RESTAURANT AUSTIN",,20250901211212800100171714899019352,20250901TNGDMYNB030OQR99b3owkw,DUITNOW_QR_TNGD,144.1,0,0,144.1,"",Settlement to Bank T+1
11,03/09/2025,02/09/2025 12:23:40,"FEI FEI CRAB RESTAURANT SUTERA BRANCH",,20250902211212800100171388598845495,20250902MBBEMYKL030OQR80896797,DUITNOW_QR_AQC,48.1,0,0,48.1,"",Settlement to Bank T+1
12,03/09/2025,02/09/2025 15:12:06,"FEI FEI CRAB RESTAURANT AUSTIN",,20250902211212800100171114598932419,20250902TNGDMYNB030OQR15668j38,DUITNOW_QR_TNGD,6.4,0,0,6.4,"",Settlement to Bank T+1
13,03/09/2025,02/09/2025 18:41:26,"FEI FEI CRAB RESTAURANT SUTERA BRANCH",,20250902211212800100171331498929316,20250902ARBKMYKL030OQR38618674,DUITNOW_QR_AQC,253.8,0,0,253.8,"",Settlement to Bank T+1
14,03/09/2025,02/09/2025 19:39:28,"FEI FEI CRAB RESTAURANT AUSTIN",,20250902211212800100171498099534696,20250902TNGDMYNB030OQRw84t58t1,DUITNOW_QR_TNGD,216.8,0,0,216.8,"",Settlement to Bank T+1
15,03/09/2025,02/09/2025 20:21:08,"FEI FEI CRAB RESTAURANT AUSTIN",,20250902211212800100171467299189570,20250902TNGDMYNB030OQR90xfg9c4,DUITNOW_QR_TNGD,91.2,0,0,91.2,"",Settlement to Bank T+1
16,03/09/2025,02/09/2025 22:00:34,"FEI FEI CRAB RESTAURANT AUSTIN",,20250902211212800100171496099550254,20250902TNGDMYNB030OQRpj497zf8,DUITNOW_QR_TNGD,224.4,0,0,224.4,"",Settlement to Bank T+1
17,03/09/2025,02/09/2025 22:12:32,"FEI FEI CRAB RESTAURANT AUSTIN",,20250902211212800100171389298907801,20250902TNGDMYNB030OQRdno56sdn,DUITNOW_QR_TNGD,68,0,0,68,"",Settlement to Bank T+1
18,03/09/2025,02/09/2025 22:57:01,"FEI FEI CRAB RESTAURANT ECO BOTANIC BRANCH",,20250902211212800100171943498834803,20250902ALPCSGSG031OQR96557813,DUITNOW_QR_AQC_CB,1577.8,0,0,1577.8,"",Settlement to Bank T+1
19,04/09/2025,03/09/2025 17:59:19,"FEI FEI CRAB RESTAURANT SUTERA BRANCH",,20250903211212800100171746399054126,20250903ALPCSGSG031OQR96602659,DUITNOW_QR_AQC_CB,446.6,0,0,446.6,"",Settlement to Bank T+1
20,04/09/2025,03/09/2025 19:06:36,"FEI FEI CRAB RESTAURANT SUTERA BRANCH",,20250903211212800100171152398900091,20250903MBBEMYKL030OQR83356894,DUITNOW_QR_AQC,91.4,0,0,91.4,"",Settlement to Bank T+1
21,04/09/2025,03/09/2025 19:18:05,"FEI FEI CRAB RESTAURANT AUSTIN",,20250903211212800100171101499727316,20250903TNGDMYNB030OQR9jah75f3,DUITNOW_QR_TNGD,551.3,0,0,551.3,"",Settlement to Bank T+1
22,04/09/2025,03/09/2025 20:37:50,"FEI FEI CRAB RESTAURANT SUTERA BRANCH",,20250903211212800100171078698609244,20250903TNGDMYNB030OQR9y4c45vo,DUITNOW_QR_TNGD,127.1,0,0,127.1,"",Settlement to Bank T+1
23,04/09/2025,03/09/2025 20:48:13,"FEI FEI CRAB RESTAURANT AUSTIN",,20250903211212800100171461699296168,20250903TNGDMYNB030OQR355418sg,DUITNOW_QR_TNGD,204.5,0,0,204.5,"",Settlement to Bank T+1
24,04/09/2025,03/09/2025 21:43:18,"FEI FEI CRAB RESTAURANT AUSTIN",,20250903211212800100171477299031685,20250903TNGDMYNB030OQRw2297i16,DUITNOW_QR_TNGD,293,0,0,293,"",Settlement to Bank T+1
25,04/09/2025,03/09/2025 22:36:12,"FEI FEI CRAB RESTAURANT SUTERA BRANCH",,20250903211212800100171703099669331,20250903TNGDMYNB030OQR04qdk376,DUITNOW_QR_TNGD,242.9,0,0,242.9,"",Settlement to Bank T+1
26,04/09/2025,03/09/2025 22:45:34,"FEI FEI CRAB RESTAURANT SUTERA BRANCH",,20250903211212800100171151498913194,20250903TNGDMYNB030OQR5578rq43,DUITNOW_QR_TNGD,3,0,0,3,"",Settlement to Bank T+1
27,05/09/2025,04/09/2025 17:13:53,"FEI FEI CRAB RESTAURANT SUTERA BRANCH",,20250904211212800100171841598757261,20250904UOVBMYKL030OQR09980691,DUITNOW_QR_AQC,132.6,0,0,132.6,"",Settlement to Bank T+1
28,05/09/2025,04/09/2025 18:22:08,"FEI FEI CRAB RESTAURANT AUSTIN",,20250904211212800100171498199748349,20250904TNGDMYNB030OQRc4hhx195,DUITNOW_QR_TNGD,107.7,0,0,107.7,"",Settlement to Bank T+1
29,05/09/2025,04/09/2025 18:28:59,"FEI FEI CRAB RESTAURANT SUTERA BRANCH",,20250904211212800100171920898314724,20250904TNGDMYNB030OQR0ef0p49u,DUITNOW_QR_TNGD,162.4,0,0,162.4,"",Settlement to Bank T+1
30,05/09/2025,04/09/2025 18:57:17,"FEI FEI CRAB RESTAURANT ECO BOTANIC BRANCH",,20250904211212800100171625299141978,20250904TNGDMYNB030OQR73el1h1p,DUITNOW_QR_TNGD,452.2,0,0,452.2,"Fei Fei Crab",Settlement to Bank T+1
31,05/09/2025,04/09/2025 19:18:56,"FEI FEI CRAB RESTAURANT AUSTIN",,20250904211212800100171111099176952,20250904TNGDMYNB030OQRz5531nh9,DUITNOW_QR_TNGD,5.1,0,0,5.1,"",Settlement to Bank T+1
32,05/09/2025,04/09/2025 21:11:30,"FEI FEI CRAB RESTAURANT SUTERA BRANCH",,20250904211212800100171449499399348,20250904TNGDMYNB030OQR443x6z83,DUITNOW_QR_TNGD,160.3,0,0,160.3,"",Settlement to Bank T+1
33,05/09/2025,04/09/2025 21:23:31,"FEI FEI CRAB RESTAURANT ECO BOTANIC BRANCH",,20250904211212800100171268099201595,20250904HLBBMYKL030OQR42227494,DUITNOW_QR_AQC,980.8,0,0,980.8,"",Settlement to Bank T+1
34,05/09/2025,04/09/2025 21:51:53,"FEI FEI CRAB RESTAURANT ECO BOTANIC BRANCH",,20250904211212800100171900199145558,20250904TNGDMYNB030OQR9j2u1z11,DUITNOW_QR_TNGD,443.2,0,0,443.2,"",Settlement to Bank T+1
35,05/09/2025,04/09/2025 22:19:08,"FEI FEI CRAB RESTAURANT AUSTIN",,20250904211212800100171112299194556,20250904TNGDMYNB030OQRr8f04g5x,DUITNOW_QR_TNGD,55.7,0,0,55.7,"",Settlement to Bank T+1
36,05/09/2025,04/09/2025 22:23:30,"FEIFEICRABHOUSERESTAUR",,20250904211212800100171507999317794,20250904MBBEMYKL030OQR85399705,DUITNOW_QR_AQC,406.5,0,0,406.5,"",Settlement to Bank T+1
37,06/09/2025,05/09/2025 12:29:59,"FEI FEI CRAB RESTAURANT AUSTIN",,20250905211212800100171346700393530,20250905TNGDMYNB030OQR5a114sx6,DUITNOW_QR_TNGD,123.6,0,0,123.6,"Amber Lee",Settlement to Bank T+1
38,06/09/2025,05/09/2025 15:03:18,"FEI FEI CRAB RESTAURANT ECO BOTANIC BRANCH",,20250905211212800100171228699782660,20250905TNGDMYNB030OQR9w1wu802,DUITNOW_QR_TNGD,455.7,0,0,455.7,"",Settlement to Bank T+1
39,06/09/2025,05/09/2025 15:50:58,"FEI FEI CRAB RESTAURANT AUSTIN",,20250905211212800100171355398590996,20250905TNGDMYNB030OQRm78suigf,DUITNOW_QR_TNGD,358.1,0,0,358.1,"",Settlement to Bank T+1
40,06/09/2025,05/09/2025 15:57:32,"FEI FEI CRAB RESTAURANT AUSTIN",,20250905211212800100171349100425962,20250905TNGDMYNB030OQRm38cia04,DUITNOW_QR_TNGD,91.2,0,0,91.2,"",Settlement to Bank T+1
41,06/09/2025,05/09/2025 16:11:19,"FEI FEI CRAB RESTAURANT AUSTIN",,20250905211212800100171113399265267,20250905TNGDMYNB030OQRhf15g630,DUITNOW_QR_TNGD,6.4,0,0,6.4,"",Settlement to Bank T+1
42,06/09/2025,05/09/2025 16:51:47,"FEI FEI CRAB RESTAURANT SUTERA BRANCH",,20250905211212800100171274498964833,20250905TNGDMYNB030OQR939b3w5k,DUITNOW_QR_TNGD,471.2,0,0,471.2,"",Settlement to Bank T+1
43,06/09/2025,05/09/2025 17:24:10,"FEI FEI CRAB RESTAURANT AUSTIN",,20250905211212800100171950699464151,20250905TNGDMYNB030OQR73q1god6,DUITNOW_QR_TNGD,127.6,0,0,127.6,"janice",Settlement to Bank T+1
44,06/09/2025,05/09/2025 17:31:49,"FEI FEI CRAB RESTAURANT AUSTIN",,20250905211212800100171208998939388,20250905TNGDMYNB030OQRtflb8e53,DUITNOW_QR_TNGD,256.8,0,0,256.8,"crab",Settlement to Bank T+1
45,06/09/2025,05/09/2025 17:41:32,"FEI FEI CRAB RESTAURANT SUTERA BRANCH",,20250905211212800100171794999401790,20250905CIBBMYKL030OQR06147637,DUITNOW_QR_AQC,252.8,0,0,252.8,"",Settlement to Bank T+1
46,06/09/2025,05/09/2025 17:52:01,"FEI FEI CRAB RESTAURANT AUSTIN",,20250905211212800100171420499869875,20250905TNGDMYNB030OQRr127a3o3,DUITNOW_QR_TNGD,282.5,0,0,282.5,"",Settlement to Bank T+1
47,06/09/2025,05/09/2025 20:54:58,"FEI FEI CRAB RESTAURANT AUSTIN",,20250905211212800100171387899219422,20250905PBBEMYKL030OQR20573740,DUITNOW_QR_AQC,279.7,0,0,279.7,"",Settlement to Bank T+1
48,07/09/2025,06/09/2025 14:58:02,"FEI FEI CRAB RESTAURANT ECO BOTANIC BRANCH",,20250906211212800100171081799547488,20250906MBBEMYKL030OQR72802911,DUITNOW_QR_AQC,100,0,0,100,"",Settlement to Bank T+1
49,07/09/2025,06/09/2025 15:12:29,"FEI FEI CRAB RESTAURANT AUSTIN",,20250906211212800100171621199336058,20250906RHBBMYKL030OQR55829320,DUITNOW_QR_AQC,356.7,0,0,356.7,"",Settlement to Bank T+1
50,07/09/2025,06/09/2025 15:34:48,"FEI FEI CRAB RESTAURANT SUTERA BRANCH",,20250906211212800100171904299323050,20250906TNGDMYNB030OQR36d3256y,DUITNOW_QR_TNGD,154.2,0,0,154.2,"",Settlement to Bank T+1
51,07/09/2025,06/09/2025 17:33:31,"FEIFEICRABHOUSERESTAUR",,20250906211212800100171029099881387,20250906MBBEMYKL030OQR88241249,DUITNOW_QR_AQC,127.6,0,0,127.6,"",Settlement to Bank T+1
52,07/09/2025,06/09/2025 17:38:29,"FEI FEI CRAB RESTAURANT SUTERA BRANCH",,20250906211212800100171253499917897,20250906TNGDMYNB030OQR4orxjx73,DUITNOW_QR_TNGD,381.2,0,0,381.2,"",Settlement to Bank T+1
53,07/09/2025,06/09/2025 17:59:59,"FEI FEI CRAB RESTAURANT AUSTIN",,20250906211212800100171522399561708,20250906TNGDMYNB030OQRfo2lt93e,DUITNOW_QR_TNGD,366.8,0,0,366.8,"TA401",Settlement to Bank T+1
54,07/09/2025,06/09/2025 18:19:58,"FEI FEI CRAB RESTAURANT AUSTIN",,20250906211212800100171526099556585,20250906GXSPMYKL030OQR71759614,DUITNOW_QR_AQC,343.7,0,0,343.7,"",Settlement to Bank T+1
55,07/09/2025,06/09/2025 19:15:39,"FEI FEI CRAB RESTAURANT SUTERA BRANCH",,20250906211212800100171897499251989,20250906TNGDMYNB030OQR2jhpfz79,DUITNOW_QR_TNGD,802.4,0,0,802.4,"",Settlement to Bank T+1
56,07/09/2025,06/09/2025 19:47:02,"FEI FEI CRAB RESTAURANT AUSTIN",,20250906211212800100171848399001521,20250906TNGDMYNB030OQR81e5njkb,DUITNOW_QR_TNGD,510.4,0,0,510.4,"",Settlement to Bank T+1
57,07/09/2025,06/09/2025 19:55:59,"FEI FEI CRAB RESTAURANT AUSTIN",,20250906211212800100171199898982201,20250906PBBEMYKL030OQR19527576,DUITNOW_QR_AQC,167.3,0,0,167.3,"",Settlement to Bank T+1
58,07/09/2025,06/09/2025 20:19:10,"FEI FEI CRAB RESTAURANT SUTERA BRANCH",,20250906211212800100171151799233062,20250906TNGDMYNB030OQRc1u5yp2h,DUITNOW_QR_TNGD,157.3,0,0,157.3,"",Settlement to Bank T+1
59,07/09/2025,06/09/2025 20:29:43,"FEI FEI CRAB RESTAURANT SUTERA BRANCH",,20250906211212800100171896599262775,20250906TNGDMYNB030OQRz84q3pj8,DUITNOW_QR_TNGD,5.3,0,0,5.3,"",Settlement to Bank T+1
60,07/09/2025,06/09/2025 21:16:39,"FEI FEI CRAB RESTAURANT ECO BOTANIC BRANCH",,20250906211212800100171600599608982,20250906TNGDMYNB030OQR01oo5029,DUITNOW_QR_TNGD,493,0,0,493,"",Settlement to Bank T+1
61,07/09/2025,06/09/2025 21:41:31,"FEI FEI CRAB RESTAURANT ECO BOTANIC BRANCH",,20250906211212800100171608899613620,20250906TNGDMYNB030OQR602t413t,DUITNOW_QR_TNGD,381.6,0,0,381.6,"",Settlement to Bank T+1
62,07/09/2025,06/09/2025 21:44:31,"FEI FEI CRAB RESTAURANT AUSTIN",,20250906211212800100171448099624570,20250906TNGDMYNB030OQR8dyj4vc6,DUITNOW_QR_TNGD,418.56,0,0,418.56,"",Settlement to Bank T+1
63,07/09/2025,06/09/2025 22:08:00,"FEI FEI CRAB RESTAURANT AUSTIN",,20250906211212800100171277999106531,20250906CIBBMYKL030OQR07614126,DUITNOW_QR_AQC,392.5,0,0,392.5,"",Settlement to Bank T+1
64,07/09/2025,06/09/2025 22:12:01,"FEI FEI CRAB RESTAURANT AUSTIN",,20250906211212800100171612198370565,20250906TNGDMYNB030OQRx9f73e0p,DUITNOW_QR_TNGD,523.9,0,0,523.9,"",Settlement to Bank T+1
65,07/09/2025,06/09/2025 23:32:22,"FEI FEI CRAB RESTAURANT AUSTIN",,20250906211212800100171885399627203,20250906TNGDMYNB030OQRwrk0bad0,DUITNOW_QR_TNGD,2.95,0,0,2.95,"",Settlement to Bank T+1
66,07/09/2025,06/09/2025 23:36:13,"FEI FEI CRAB RESTAURANT AUSTIN",,20250906211212800100171889399628569,20250906TNGDMYNB030OQRw5f7fqo9,DUITNOW_QR_TNGD,2.99,0,0,2.99,"Tally bill ",Settlement to Bank T+1
67,08/09/2025,07/09/2025 13:17:16,"FEI FEI CRAB RESTAURANT SUTERA BRANCH",,20250907211212800100171315399376539,20250907TPTCCHGU031OQR25622621,DUITNOW_QR_AQC_CB,96.6,0,0,96.6,"",Settlement to Bank T+1
68,08/09/2025,07/09/2025 13:34:05,"FEIFEICRABHOUSERESTAURANT",,20250907211212800100171111699469799,20250907ALPCSGSG031OQR96846021,DUITNOW_QR_AQC_CB,379.1,0,0,379.1,"",Settlement to Bank T+1
69,08/09/2025,07/09/2025 15:49:49,"FEI FEI CRAB RESTAURANT SUTERA BRANCH",,20250907211212800100171936499614698,20250907TNGDMYNB030OQRi4a3418h,DUITNOW_QR_TNGD,133.6,0,0,133.6,"TA263",Settlement to Bank T+1
70,08/09/2025,07/09/2025 16:10:22,"FEI FEI CRAB RESTAURANT AUSTIN",,20250907211212800100171491700064468,20250907TNGDMYNB030OQR201oqd8h,DUITNOW_QR_TNGD,88.3,0,0,88.3,"",Settlement to Bank T+1
71,08/09/2025,07/09/2025 16:25:14,"FEIFEICRABHOUSERESTAUR",,20250907211212800100171058498923676,20250907MBBEMYKL030OQR80800420,DUITNOW_QR_AQC,203.3,0,0,203.3,"",Settlement to Bank T+1
72,08/09/2025,07/09/2025 16:37:38,"FEI FEI CRAB RESTAURANT SUTERA BRANCH",,20250907211212800100171712699655407,20250907UOVBMYKL030OQR00958176,DUITNOW_QR_AQC,218.3,0,0,218.3,"",Settlement to Bank T+1
73,08/09/2025,07/09/2025 17:37:10,"FEI FEI CRAB RESTAURANT AUSTIN",,20250907211212800100171615398448418,20250907TNGDMYNB030OQRdnn745d7,DUITNOW_QR_TNGD,271.2,0,0,271.2,"",Settlement to Bank T+1
74,08/09/2025,07/09/2025 17:47:14,"FEIFEICRABHOUSERESTAUR",,20250907211212800100171935499624411,20250907MBBEMYKL030OQR74631634,DUITNOW_QR_AQC,18.7,0,0,18.7,"",Settlement to Bank T+1
75,08/09/2025,07/09/2025 17:57:12,"FEI FEI CRAB RESTAURANT SUTERA BRANCH",,20250907211212800100171409499913428,20250907TNGDMYNB030OQReqcmvic4,DUITNOW_QR_TNGD,128.3,0,0,128.3,"",Settlement to Bank T+1
76,08/09/2025,07/09/2025 18:39:42,"FEI FEI CRAB RESTAURANT AUSTIN",,20250907211212800100171856099336837,20250907TNGDMYNB030OQRhd7914p2,DUITNOW_QR_TNGD,15.7,0,0,15.7,"",Settlement to Bank T+1
77,08/09/2025,07/09/2025 19:04:38,"FEI FEI CRAB RESTAURANT SUTERA BRANCH",,20250907211212800100171300698710961,20250907TNGDMYNB030OQRn79gho58,DUITNOW_QR_TNGD,632,0,0,632,"",Settlement to Bank T+1
78,08/09/2025,07/09/2025 19:06:50,"FEI FEI CRAB RESTAURANT AUSTIN",,20250907211212800100171216099708998,20250907UOVBMYKL030OQR01001130,DUITNOW_QR_AQC,110.2,0,0,110.2,"",Settlement to Bank T+1
79,08/09/2025,07/09/2025 19:58:51,"FEIFEICRABHOUSERESTAUR",,20250907211212800100171279899200426,20250907MBBEMYKL030OQR74858198,DUITNOW_QR_AQC,155.8,0,0,155.8,"",Settlement to Bank T+1
80,08/09/2025,07/09/2025 20:20:11,"FEI FEI CRAB RESTAURANT SUTERA BRANCH",,20250907211212800100171684899293678,20250907HLBBMYKL030OQR44944916,DUITNOW_QR_AQC,121.9,0,0,121.9,"",Settlement to Bank T+1
81,08/09/2025,07/09/2025 20:29:39,"FEI FEI CRAB RESTAURANT SUTERA BRANCH",,20250907211212800100171877799683251,20250907TNGDMYNB030OQRa5yau400,DUITNOW_QR_TNGD,376.1,0,0,376.1,"",Settlement to Bank T+1
82,08/09/2025,07/09/2025 20:34:34,"FEI FEI CRAB RESTAURANT AUSTIN",,20250907211212800100171567100275295,20250907TNGDMYNB030OQRwpbokmd4,DUITNOW_QR_TNGD,429.8,0,0,429.8,"",Settlement to Bank T+1
83,09/09/2025,08/09/2025 12:25:15,"FEI FEI CRAB RESTAURANT SUTERA BRANCH",,20250908211212800100171415699446085,20250908TNGDMYNB030OQRq95eb3pw,DUITNOW_QR_TNGD,197.1,0,0,197.1,"",Settlement to Bank T+1
84,09/09/2025,08/09/2025 12:28:29,"FEI FEI CRAB RESTAURANT SUTERA BRANCH",,20250908211212800100171417499447273,20250908TNGDMYNB030OQRow7drvv5,DUITNOW_QR_TNGD,3.7,0,0,3.7,"",Settlement to Bank T+1
85,09/09/2025,08/09/2025 13:45:31,"FEI FEI CRAB RESTAURANT AUSTIN",,20250908211212800100171467199806277,20250908TNGDMYNB030OQR0vq4m3mw,DUITNOW_QR_TNGD,252.9,0,0,252.9,"",Settlement to Bank T+1
86,09/09/2025,08/09/2025 15:42:13,"FEI FEI CRAB RESTAURANT SUTERA BRANCH",,20250908211212800100171597499109763,20250908TNGDMYNB030OQR1kk4y6r6,DUITNOW_QR_TNGD,94.9,0,0,94.9,"",Settlement to Bank T+1
87,09/09/2025,08/09/2025 16:10:36,"FEI FEI CRAB RESTAURANT ECO BOTANIC BRANCH",,20250908211212800100171022900093461,20250908TNGDMYNB030OQR6a6didoz,DUITNOW_QR_TNGD,25.1,0,0,25.1,"",Settlement to Bank T+1
88,09/09/2025,08/09/2025 16:58:34,"FEIFEICRABHOUSERESTAURANT",,20250908211212800100171467999826789,20250908HLBBMYKL030OQR45805406,DUITNOW_QR_AQC,551,0,0,551,"",Settlement to Bank T+1
89,09/09/2025,08/09/2025 17:41:57,"FEI FEI CRAB RESTAURANT AUSTIN",,20250908211212800110171821929149572,mnyjnax5,PAYMENT,189,0,0,189,"",Settlement to Bank T+1
90,09/09/2025,08/09/2025 17:58:52,"FEI FEI CRAB RESTAURANT SUTERA BRANCH",,20250908211212800100171745999606399,20250908TNGDMYNB030OQR697tfn9s,DUITNOW_QR_TNGD,471.9,0,0,471.9,"",Settlement to Bank T+1
91,09/09/2025,08/09/2025 18:12:52,"FEI FEI CRAB RESTAURANT AUSTIN",,20250908211212800100171110499616906,20250908TNGDMYNB030OQRn9v27erg,DUITNOW_QR_TNGD,4.2,0,0,4.2,"",Settlement to Bank T+1
92,09/09/2025,08/09/2025 18:17:58,"FEI FEI CRAB RESTAURANT AUSTIN",,20250908211212800100171844599202438,20250908TNGDMYNB030OQRqef0x020,DUITNOW_QR_TNGD,128.6,0,0,128.6,"",Settlement to Bank T+1
93,09/09/2025,08/09/2025 19:06:32,"FEI FEI CRAB RESTAURANT SUTERA BRANCH",,20250908211212800100171444399815775,20250908TNGDMYNB030OQR876i61u8,DUITNOW_QR_TNGD,17.9,0,0,17.9,"",Settlement to Bank T+1
94,09/09/2025,08/09/2025 19:32:24,"FEI FEI CRAB RESTAURANT SUTERA BRANCH",,20250908211212800100171304898823342,20250908CIBBMYKL030OQR15917791,DUITNOW_QR_AQC,241.1,0,0,241.1,"",Settlement to Bank T+1
95,09/09/2025,08/09/2025 20:07:34,"FEI FEI CRAB RESTAURANT AUSTIN",,20250908211212800100171679299781255,20250908TNGDMYNB030OQR51977x73,DUITNOW_QR_TNGD,266.4,0,0,266.4,"",Settlement to Bank T+1
96,09/09/2025,08/09/2025 20:39:38,"FEI FEI CRAB RESTAURANT SUTERA BRANCH",,20250908211212800100171116099629478,20250908TNGDMYNB030OQR163x1486,DUITNOW_QR_TNGD,296.5,0,0,296.5,"",Settlement to Bank T+1
97,09/09/2025,08/09/2025 20:41:17,"FEI FEI CRAB RESTAURANT SUTERA BRANCH",,20250908211212800100171251200160349,20250908TNGDMYNB030OQRq91j7og1,DUITNOW_QR_TNGD,132.8,0,0,132.8,"",Settlement to Bank T+1
98,09/09/2025,08/09/2025 20:43:43,"FEI FEI CRAB RESTAURANT SUTERA BRANCH",,20250908211212800100171116499627490,20250908TNGDMYNB030OQR3bqk73sv,DUITNOW_QR_TNGD,154.8,0,0,154.8,"",Settlement to Bank T+1
99,09/09/2025,08/09/2025 21:20:42,"FEI FEI CRAB RESTAURANT AUSTIN",,20250908211212800100171118299628942,20250908TNGDMYNB030OQR6300801s,DUITNOW_QR_TNGD,6.4,0,0,6.4,"",Settlement to Bank T+1
100,09/09/2025,08/09/2025 21:24:13,"FEI FEI CRAB RESTAURANT ECO BOTANIC BRANCH",,20250908211212800100171657200097909,20250908CIBBMYKL030OQR16984269,DUITNOW_QR_AQC,172.6,0,0,172.6,"",Settlement to Bank T+1
101,09/09/2025,08/09/2025 21:28:47,"FEI FEI CRAB RESTAURANT AUSTIN",,20250908211212800100171732499161593,20250908TNGDMYNB030OQR97hsqs00,DUITNOW_QR_TNGD,85.8,0,0,85.8,"",Settlement to Bank T+1
102,09/09/2025,08/09/2025 21:40:03,"FEI FEI CRAB RESTAURANT SUTERA BRANCH",,20250908211212800100171111299637448,20250908TNGDMYNB030OQR36312960,DUITNOW_QR_TNGD,19.5,0,0,19.5,"",Settlement to Bank T+1
103,09/09/2025,08/09/2025 22:00:36,"FEI FEI CRAB RESTAURANT SUTERA BRANCH",,20250908211212800100171205399293857,20250908GXSPMYKL030OQR63469521,DUITNOW_QR_AQC,22.9,0,0,22.9,"",Settlement to Bank T+1
104,09/09/2025,08/09/2025 22:07:01,"FEI FEI CRAB RESTAURANT SUTERA BRANCH",,20250908211212800100171025300121701,20250908ALPCSGSG031OQR96947081,DUITNOW_QR_AQC_CB,586.6,0,0,586.6,"",Settlement to Bank T+1
105,09/09/2025,08/09/2025 22:31:54,"FEI FEI CRAB RESTAURANT ECO BOTANIC BRANCH",,20250908211212800100171239700146220,20250908TNGDMYNB030OQRh27ea3ls,DUITNOW_QR_TNGD,39.2,0,0,39.2,"",Settlement to Bank T+1
106,10/09/2025,09/09/2025 12:37:16,"FEI FEI CRAB RESTAURANT AUSTIN",,20250909211212800100171761800068666,20250909TNGDMYNB030OQR63k4y99r,DUITNOW_QR_TNGD,221.3,0,0,221.3,"",Settlement to Bank T+1
107,10/09/2025,09/09/2025 17:21:52,"FEI FEI CRAB RESTAURANT SUTERA BRANCH",,20250909211212800100171130299457866,20250909TNGDMYNB030OQR6v1n955q,DUITNOW_QR_TNGD,109.6,0,0,109.6,"",Settlement to Bank T+1
108,10/09/2025,09/09/2025 18:00:35,"FEI FEI CRAB RESTAURANT AUSTIN",,20250909211212800100171936199875892,20250909TNGDMYNB030OQRo279xv7m,DUITNOW_QR_TNGD,295.9,0,0,295.9,"",Settlement to Bank T+1
109,10/09/2025,09/09/2025 18:51:53,"FEI FEI CRAB RESTAURANT ECO BOTANIC BRANCH",,20250909211212800100171463999969202,20250909NETSSGSG031OQR01684651,DUITNOW_QR_AQC_CB,175,0,0,175,"",Settlement to Bank T+1
110,10/09/2025,09/09/2025 19:01:57,"FEI FEI CRAB RESTAURANT SUTERA BRANCH",,20250909211212800100171998999275873,20250909TNGDMYNB030OQRou636pas,DUITNOW_QR_TNGD,112.9,0,0,112.9,"",Settlement to Bank T+1
111,10/09/2025,09/09/2025 20:01:08,"FEI FEI CRAB RESTAURANT SUTERA BRANCH",,20250909211212800100171098999859534,20250909TNGDMYNB030OQR8g681av4,DUITNOW_QR_TNGD,217.2,0,0,217.2,"",Settlement to Bank T+1
112,10/09/2025,09/09/2025 21:23:57,"FEI FEI CRAB RESTAURANT ECO BOTANIC BRANCH",,20250909211212800100171040699017275,20250909TNGDMYNB030OQRoez2247u,DUITNOW_QR_TNGD,103.9,0,0,103.9,"",Settlement to Bank T+1
113,10/09/2025,09/09/2025 21:25:27,"FEI FEI CRAB RESTAURANT AUSTIN",,20250909211212800100171040898970673,20250909TNGDMYNB030OQRra0q7473,DUITNOW_QR_TNGD,121.3,0,0,121.3,"",Settlement to Bank T+1
114,10/09/2025,09/09/2025 21:27:03,"FEI FEI CRAB RESTAURANT SUTERA BRANCH",,20250909211212800100171076599300877,20250909TNGDMYNB030OQR70npitdj,DUITNOW_QR_TNGD,343.6,0,0,343.6,"",Settlement to Bank T+1
115,10/09/2025,09/09/2025 21:31:04,"FEI FEI CRAB RESTAURANT SUTERA BRANCH",,20250909211212800100171319699673017,20250909TNGDMYNB030OQRo5mvb89e,DUITNOW_QR_TNGD,551.5,0,0,551.5,"",Settlement to Bank T+1
116,11/09/2025,10/09/2025 14:22:03,"FEI FEI CRAB RESTAURANT AUSTIN",,20250910211212800100171665199167622,20250910PBBEMYKL030OQR14238170,DUITNOW_QR_AQC,119.9,0,0,119.9,"",Settlement to Bank T+1
117,11/09/2025,10/09/2025 15:31:41,"FEI FEI CRAB RESTAURANT AUSTIN",,20250910211212800100171158199673720,20250910TNGDMYNB030OQRr1mj6a8l,DUITNOW_QR_TNGD,76.9,0,0,76.9,"",Settlement to Bank T+1
118,11/09/2025,10/09/2025 16:02:52,"FEI FEI CRAB RESTAURANT AUSTIN",,20250910211212800100171823799937527,20250910TNGDMYNB030OQRb41cm6e0,DUITNOW_QR_TNGD,164.6,0,0,164.6,"",Settlement to Bank T+1
119,11/09/2025,10/09/2025 22:26:29,"FEI FEI CRAB RESTAURANT AUSTIN",,20250910211212800100171109700558038,20250910TNGDMYNB030OQRaa60cq42,DUITNOW_QR_TNGD,102.1,0,0,102.1,"",Settlement to Bank T+1
120,12/09/2025,11/09/2025 15:35:49,"FEI FEI CRAB RESTAURANT SUTERA BRANCH",,20250911211212800100171938200093135,20250911TNGDMYNB030OQR8ly0hp92,DUITNOW_QR_TNGD,500,0,0,500,"COR - 17 Sept Dinner",Settlement to Bank T+1
121,12/09/2025,11/09/2025 15:40:39,"FEI FEI CRAB RESTAURANT AUSTIN",,20250911211212800100171601400147393,20250911TNGDMYNB030OQR9045icnj,DUITNOW_QR_TNGD,247.1,0,0,247.1,"Chong",Settlement to Bank T+1
122,12/09/2025,11/09/2025 17:07:44,"FEI FEI CRAB RESTAURANT SUTERA BRANCH",,20250911211212800100171383799893952,20250911TNGDMYNB030OQR8nq6pp8l,DUITNOW_QR_TNGD,150,0,0,150,"Fei Fei dinner",Settlement to Bank T+1
123,12/09/2025,11/09/2025 17:36:49,"FEIFEICRABHOUSERESTAURANT",,20250911211212800100171877200130594,20250911HLBBMYKL030OQR48698422,DUITNOW_QR_AQC,416.6,0,0,416.6,"",Settlement to Bank T+1
124,12/09/2025,11/09/2025 17:40:30,"FEI FEI CRAB RESTAURANT SUTERA BRANCH",,20250911211212800100171068100173882,20250911TNGDMYNB030OQR81u24u17,DUITNOW_QR_TNGD,116.6,0,0,116.6,"",Settlement to Bank T+1
125,12/09/2025,11/09/2025 17:41:28,"FEI FEI CRAB RESTAURANT SUTERA BRANCH",,20250911211212800100171062800172389,20250911TNGDMYNB030OQRi1jm8n7x,DUITNOW_QR_TNGD,13,0,0,13,"",Settlement to Bank T+1
126,12/09/2025,11/09/2025 17:43:55,"FEI FEI CRAB RESTAURANT AUSTIN",,20250911211212800100171040699230823,20250911MFBBMYKL030OQR49881076,DUITNOW_QR_AQC,470.6,0,0,470.6,"",Settlement to Bank T+1
127,12/09/2025,11/09/2025 18:10:06,"FEI FEI CRAB RESTAURANT AUSTIN",,20250911211212800100171923299121282,20250911MFBBMYKL030OQR49893624,DUITNOW_QR_AQC,21.2,0,0,21.2,"",Settlement to Bank T+1
128,12/09/2025,11/09/2025 18:54:37,"FEI FEI CRAB RESTAURANT SUTERA BRANCH",,20250911211212800100171923899124491,20250911TPTCCHGU031OQR87372784,DUITNOW_QR_AQC_CB,621,0,0,621,"",Settlement to Bank T+1
129,12/09/2025,11/09/2025 18:58:46,"FEI FEI CRAB RESTAURANT SUTERA BRANCH",,20250911211212800100171383099914201,20250911GRABMYNB030OQR66298187,DUITNOW_QR_AQC,31.3,0,0,31.3,"",Settlement to Bank T+1
130,12/09/2025,11/09/2025 19:13:51,"FEI FEI CRAB RESTAURANT AUSTIN",,20250911211212800100171114799985091,20250911TNGDMYNB030OQR7l9jz9ga,DUITNOW_QR_TNGD,6.4,0,0,6.4,"",Settlement to Bank T+1
131,12/09/2025,11/09/2025 19:15:18,"FEI FEI CRAB RESTAURANT SUTERA BRANCH",,20250911211212800100171785700568094,20250911TNGDMYNB030OQRg60v351t,DUITNOW_QR_TNGD,517.7,0,0,517.7,"",Settlement to Bank T+1
132,12/09/2025,11/09/2025 20:19:55,"FEI FEI CRAB RESTAURANT ECO BOTANIC BRANCH",,20250911211212800100171603700175023,20250911TNGDMYNB030OQRp6w5s576,DUITNOW_QR_TNGD,299.9,0,0,299.9,"",Settlement to Bank T+1
133,13/09/2025,12/09/2025 12:45:09,"FEI FEI CRAB RESTAURANT AUSTIN",,20250912211212800100171111000047707,20250912TNGDMYNB030OQR8e82lvs2,DUITNOW_QR_TNGD,4.2,0,0,4.2,"",Settlement to Bank T+1
134,13/09/2025,12/09/2025 13:26:04,"FEI FEI CRAB RESTAURANT SUTERA BRANCH",,20250912211212800100171821200143331,20250912TNGDMYNB030OQRw8m62pfp,DUITNOW_QR_TNGD,15.7,0,0,15.7,"",Settlement to Bank T+1
135,13/09/2025,12/09/2025 14:14:15,"FEI FEI CRAB RESTAURANT SUTERA BRANCH",,20250912211212800100171824900156399,20250912TNGDMYNB030OQR4t93k33o,DUITNOW_QR_TNGD,110.2,0,0,110.2,"",Settlement to Bank T+1
136,13/09/2025,12/09/2025 14:21:36,"FEI FEI CRAB RESTAURANT AUSTIN",,20250912211212800100171940099931767,20250912TNGDMYNB030OQR302bcjnd,DUITNOW_QR_TNGD,12.6,0,0,12.6,"",Settlement to Bank T+1
137,13/09/2025,12/09/2025 14:22:22,"FEI FEI CRAB RESTAURANT AUSTIN",,20250912211212800100171412799951828,20250912TNGDMYNB030OQRs89v8tv8,DUITNOW_QR_TNGD,3,0,0,3,"",Settlement to Bank T+1
138,13/09/2025,12/09/2025 14:43:16,"FEI FEI CRAB RESTAURANT SUTERA BRANCH",,20250912211212800100171631500258020,20250912TNGDMYNB030OQRan255k5s,DUITNOW_QR_TNGD,137.1,0,0,137.1,"amber",Settlement to Bank T+1
139,13/09/2025,12/09/2025 14:44:33,"FEI FEI CRAB RESTAURANT SUTERA BRANCH",,20250912211212800100171179200639213,20250912TNGDMYNB030OQRiej5h487,DUITNOW_QR_TNGD,609.9,0,0,609.9,"",Settlement to Bank T+1
140,13/09/2025,12/09/2025 18:36:22,"FEIFEICRABHOUSERESTAUR",,20250912211212800100171590699611627,20250912MBBEMYKL030OQR88737487,DUITNOW_QR_AQC,15.7,0,0,15.7,"",Settlement to Bank T+1
141,13/09/2025,12/09/2025 19:27:21,"FEI FEI CRAB RESTAURANT SUTERA BRANCH",,20250912211212800100171037600128190,20250912TNGDMYNB030OQR6xvuml97,DUITNOW_QR_TNGD,173.8,0,0,173.8,"",Settlement to Bank T+1
142,13/09/2025,12/09/2025 19:38:07,"FEI FEI CRAB RESTAURANT SUTERA BRANCH",,20250912211212800100171543500237470,20250912CIBBMYKL030OQR15554120,DUITNOW_QR_AQC,284,0,0,284,"",Settlement to Bank T+1
143,13/09/2025,12/09/2025 20:21:02,"FEI FEI CRAB RESTAURANT SUTERA BRANCH",,20250912211212800100171709000703715,20250912TNGDMYNB030OQR9x2g45e5,DUITNOW_QR_TNGD,51.9,0,0,51.9,"",Settlement to Bank T+1
144,13/09/2025,12/09/2025 21:10:00,"FEI FEI CRAB RESTAURANT AUSTIN",,20250912211212800100171693200121779,20250912TNGDMYNB030OQRp88t08oe,DUITNOW_QR_TNGD,287,0,0,287,"",Settlement to Bank T+1
145,13/09/2025,12/09/2025 21:29:02,"FEI FEI CRAB RESTAURANT SUTERA BRANCH",,20250912211212800100171435899329523,20250912MBBEMYKL030OQR80143235,DUITNOW_QR_AQC,186.8,0,0,186.8,"",Settlement to Bank T+1
146,13/09/2025,12/09/2025 21:33:07,"FEI FEI CRAB RESTAURANT AUSTIN",,20250912211212800100171448600319112,20250912TNGDMYNB030OQRhv3phihn,DUITNOW_QR_TNGD,525.7,0,0,525.7,"",Settlement to Bank T+1
147,13/09/2025,12/09/2025 21:35:12,"FEI FEI CRAB RESTAURANT SUTERA BRANCH",,20250912211212800100171067900320055,20250912TNGDMYNB030OQR6f60hh0o,DUITNOW_QR_TNGD,114.9,0,0,114.9,"2utama11",Settlement to Bank T+1
148,13/09/2025,12/09/2025 21:59:28,"FEI FEI CRAB RESTAURANT ECO BOTANIC BRANCH",,20250912211212800100171066600315986,20250912MBBEMYKL030OQR80189575,DUITNOW_QR_AQC,142.7,0,0,142.7,"",Settlement to Bank T+1
149,13/09/2025,12/09/2025 22:05:36,"FEI FEI CRAB RESTAURANT SUTERA BRANCH",,20250912211212800100171017900061429,20250912TNGDMYNB030OQRx48qn801,DUITNOW_QR_TNGD,85,0,0,85,"",Settlement to Bank T+1
150,14/09/2025,13/09/2025 13:34:47,"FEI FEI CRAB RESTAURANT ECO BOTANIC BRANCH",,20250913211212800100171320100128030,20250913ALPCSGSG031OQR97197003,DUITNOW_QR_AQC_CB,218.7,0,0,218.7,"",Settlement to Bank T+1
151,14/09/2025,13/09/2025 14:47:14,"FEI FEI CRAB RESTAURANT ECO BOTANIC BRANCH",,20250913211212800100171261900196079,20250913CIBBMYKL030OQR03656596,DUITNOW_QR_AQC,388.6,0,0,388.6,"",Settlement to Bank T+1
152,14/09/2025,13/09/2025 15:01:00,"FEI FEI CRAB RESTAURANT SUTERA BRANCH",,20250913211212800100171737999710592,20250913MBBEMYKL030OQR75992508,DUITNOW_QR_AQC,651.8,0,0,651.8,"",Settlement to Bank T+1
153,14/09/2025,13/09/2025 16:19:58,"FEI FEI CRAB RESTAURANT ECO BOTANIC BRANCH",,20250913211212800100171267100204164,20250913TNGDMYNB030OQR3183vpzk,DUITNOW_QR_TNGD,140.1,0,0,140.1,"",Settlement to Bank T+1
154,14/09/2025,13/09/2025 18:48:34,"FEI FEI CRAB RESTAURANT ECO BOTANIC BRANCH",,20250913211212800100171355099523447,20250913TNGDMYNB030OQR3ug042oj,DUITNOW_QR_TNGD,523.8,0,0,523.8,"",Settlement to Bank T+1
155,14/09/2025,13/09/2025 19:04:10,"FEI FEI CRAB RESTAURANT ECO BOTANIC BRANCH",,20250913211212800100171057199642119,20250913TNGDMYNB030OQR32887yqx,DUITNOW_QR_TNGD,559.1,0,0,559.1,"",Settlement to Bank T+1
156,14/09/2025,13/09/2025 19:18:32,"FEIFEICRABHOUSERESTAUR",,20250913211212800100171224200737169,20250913MBBEMYKL030OQR81487688,DUITNOW_QR_AQC,284,0,0,284,"",Settlement to Bank T+1
157,14/09/2025,13/09/2025 19:39:04,"FEI FEI CRAB RESTAURANT SUTERA BRANCH",,20250913211212800100171660299534502,20250913TNGDMYNB030OQR25xqxssv,DUITNOW_QR_TNGD,350.2,0,0,350.2,"",Settlement to Bank T+1
158,14/09/2025,13/09/2025 19:58:58,"FEI FEI CRAB RESTAURANT AUSTIN",,20250913211212800100171137099957140,20250913TNGDMYNB030OQR5kfciwp2,DUITNOW_QR_TNGD,225,0,0,225,"",Settlement to Bank T+1
159,14/09/2025,13/09/2025 20:33:05,"FEI FEI CRAB RESTAURANT SUTERA BRANCH",,20250913211212800100171175800780296,20250913TNGDMYNB030OQR0v39bvx9,DUITNOW_QR_TNGD,309.7,0,0,309.7,"",Settlement to Bank T+1
160,14/09/2025,13/09/2025 20:37:24,"FEI FEI CRAB RESTAURANT ECO BOTANIC BRANCH",,20250913211212800100171409800634295,20250913TNGDMYNB030OQR62agsl37,DUITNOW_QR_TNGD,423.1,0,0,423.1,"",Settlement to Bank T+1
161,14/09/2025,13/09/2025 20:57:48,"FEI FEI CRAB RESTAURANT AUSTIN",,20250913211212800100171792600335076,20250913TNGDMYNB030OQR02v8wf0a,DUITNOW_QR_TNGD,206.1,0,0,206.1,"",Settlement to Bank T+1
162,14/09/2025,13/09/2025 21:58:42,"FEIFEICRABHOUSERESTAURANT",,20250913211212800100171912500212530,20250913HLBBMYKL030OQR00784833,DUITNOW_QR_AQC,443.6,0,0,443.6,"",Settlement to Bank T+1
163,14/09/2025,13/09/2025 22:01:25,"FEI FEI CRAB RESTAURANT AUSTIN",,20250913211212800100171116100228250,20250913TNGDMYNB030OQR5xrn11ii,DUITNOW_QR_TNGD,6.4,0,0,6.4,"",Settlement to Bank T+1
164,15/09/2025,14/09/2025 13:33:20,"FEI FEI CRAB RESTAURANT AUSTIN",,20250914211212800100171361699842912,20250914PBBEMYKL030OQR13320667,DUITNOW_QR_AQC,253.8,0,0,253.8,"",Settlement to Bank T+1
165,15/09/2025,14/09/2025 13:35:25,"FEI FEI CRAB RESTAURANT SUTERA BRANCH",,20250914211212800100171102000918927,20250914ARPYMYNB030OQR50062238,DUITNOW_QR_AQC,72.9,0,0,72.9,"",Settlement to Bank T+1
166,15/09/2025,14/09/2025 13:47:00,"FEI FEI CRAB RESTAURANT SUTERA BRANCH",,20250914211212800100171230800793703,20250914TNGDMYNB030OQR543n17dr,DUITNOW_QR_TNGD,949.1,0,0,949.1,"",Settlement to Bank T+1
167,15/09/2025,14/09/2025 17:26:17,"FEI FEI CRAB RESTAURANT AUSTIN",,20250914211212800100171755199960261,20250914CIBBMYKL030OQR04371676,DUITNOW_QR_AQC,306,0,0,306,"",Settlement to Bank T+1
168,15/09/2025,14/09/2025 17:42:07,"FEI FEI CRAB RESTAURANT AUSTIN",,20250914211212800100171659500807160,20250914PBBEMYKL030OQR17453429,DUITNOW_QR_AQC,111.9,0,0,111.9,"",Settlement to Bank T+1
169,15/09/2025,14/09/2025 18:20:15,"FEI FEI CRAB RESTAURANT AUSTIN",,20250914211212800100171500900424227,20250914TNGDMYNB030OQR6a71mt10,DUITNOW_QR_TNGD,247.3,0,0,247.3,"",Settlement to Bank T+1
170,15/09/2025,14/09/2025 18:48:21,"FEI FEI CRAB RESTAURANT SUTERA BRANCH",,20250914211212800100171370500731163,20250914TNGDMYNB030OQRv774g6jg,DUITNOW_QR_TNGD,49.76,0,0,49.76,"",Settlement to Bank T+1
171,15/09/2025,14/09/2025 18:49:03,"FEI FEI CRAB RESTAURANT SUTERA BRANCH",,20250914211212800100171379800731164,20250914TNGDMYNB030OQRbnqdnrt7,DUITNOW_QR_TNGD,447.84,0,0,447.84,"",Settlement to Bank T+1
172,15/09/2025,14/09/2025 20:21:48,"FEI FEI CRAB RESTAURANT ECO BOTANIC BRANCH",,20250914211212800100171586900293220,20250914MBBEMYKL030OQR70171346,DUITNOW_QR_AQC,24.8,0,0,24.8,"",Settlement to Bank T+1
173,15/09/2025,14/09/2025 20:31:06,"FEI FEI CRAB RESTAURANT ECO BOTANIC BRANCH",,20250914211212800100171087400498394,20250914TNGDMYNB030OQR42e6q33c,DUITNOW_QR_TNGD,8.1,0,0,8.1,"",Settlement to Bank T+1
174,15/09/2025,14/09/2025 21:25:35,"FEI FEI CRAB RESTAURANT AUSTIN",,20250914211212800100171691200326592,20250914TNGDMYNB030OQR0cscskx5,DUITNOW_QR_TNGD,12.6,0,0,12.6,"",Settlement to Bank T+1
175,16/09/2025,15/09/2025 12:15:52,"FEI FEI CRAB RESTAURANT SUTERA BRANCH",,20250915211212800100171361700008048,20250915MBBEMYKL030OQR70791589,DUITNOW_QR_AQC,48.1,0,0,48.1,"",Settlement to Bank T+1
176,16/09/2025,15/09/2025 16:25:59,"FEIFEICRABHOUSERESTAUR",,20250915211212800100171952300562468,20250915MBBEMYKL030OQR71153130,DUITNOW_QR_AQC,283.5,0,0,283.5,"",Settlement to Bank T+1
177,16/09/2025,15/09/2025 18:32:21,"FEI FEI CRAB RESTAURANT SUTERA BRANCH",,20250915211212800100171312800322982,20250915TNGDMYNB030OQRr344uyb4,DUITNOW_QR_TNGD,266.1,0,0,266.1,"",Settlement to Bank T+1
178,16/09/2025,15/09/2025 18:42:23,"FEI FEI CRAB RESTAURANT ECO BOTANIC BRANCH",,20250915211212800100171782701031074,20250915TPTCCHGU031OQR90174812,DUITNOW_QR_AQC_CB,304.9,0,0,304.9,"",Settlement to Bank T+1
179,16/09/2025,15/09/2025 19:05:22,"FEI FEI CRAB RESTAURANT AUSTIN",,20250915211212800100171421600991816,20250915TNGDMYNB030OQR3k56i997,DUITNOW_QR_TNGD,493.2,0,0,493.2,"",Settlement to Bank T+1
180,16/09/2025,15/09/2025 19:58:32,"FEI FEI CRAB RESTAURANT SUTERA BRANCH",,20250915211212800100171509100567341,20250915TNGDMYNB030OQR31i34j0l,DUITNOW_QR_TNGD,219,0,0,219,"",Settlement to Bank T+1
181,16/09/2025,15/09/2025 20:20:34,"FEI FEI CRAB RESTAURANT AUSTIN",,20250915211212800100171068500654902,20250915GXSPMYKL030OQR76177680,DUITNOW_QR_AQC,423.2,0,0,423.2,"",Settlement to Bank T+1
182,16/09/2025,15/09/2025 21:28:47,"FEIFEICRABHOUSERESTAURANT",,20250915211212800100171152500264840,20250915HLBBMYKL030OQR02404614,DUITNOW_QR_AQC,140.2,0,0,140.2,"",Settlement to Bank T+1
183,17/09/2025,16/09/2025 13:49:56,"FEIFEICRABHOUSERESTAURANT",,20250916211212800100171166000376230,20250916ALPCSGSG031OQR97382787,DUITNOW_QR_AQC_CB,308.1,0,0,308.1,"",Settlement to Bank T+1
184,17/09/2025,16/09/2025 19:36:14,"FEI FEI CRAB RESTAURANT AUSTIN",,20250916211212800100171375800952555,20250916TNGDMYNB030OQR7wojy4z6,DUITNOW_QR_TNGD,52.6,0,0,52.6,"",Settlement to Bank T+1
185,18/09/2025,17/09/2025 15:39:21,"FEI FEI CRAB RESTAURANT SUTERA BRANCH",,20250917211212800100171294500023152,20250917TPTCCHGU031OQR53854677,DUITNOW_QR_AQC_CB,239,0,0,239,"",Settlement to Bank T+1
186,18/09/2025,17/09/2025 17:27:06,"FEI FEI CRAB RESTAURANT AUSTIN",,20250917211212800100171729501040066,20250917PBBEMYKL030OQR17270112,DUITNOW_QR_AQC,738.8,0,0,738.8,"",Settlement to Bank T+1
187,18/09/2025,17/09/2025 19:42:10,"FEI FEI CRAB RESTAURANT SUTERA BRANCH",,20250917211212800100171933900761108,20250917TNGDMYNB030OQRvf9429oh,DUITNOW_QR_TNGD,1956.8,0,0,1956.8,"COR RETREAT DINNER",Settlement to Bank T+1
188,18/09/2025,17/09/2025 19:54:59,"FEI FEI CRAB RESTAURANT ECO BOTANIC BRANCH",,20250917211212800100171224101158877,20250917TNGDMYNB030OQR97xfn2d3,DUITNOW_QR_TNGD,1106.4,0,0,1106.4,"",Settlement to Bank T+1
189,18/09/2025,17/09/2025 20:49:04,"FEI FEI CRAB RESTAURANT SUTERA BRANCH",,20250917211212800100171478000587048,20250917TNGDMYNB030OQRug42c77h,DUITNOW_QR_TNGD,149.2,0,0,149.2,"",Settlement to Bank T+1
190,19/09/2025,18/09/2025 15:37:33,"FEI FEI CRAB RESTAURANT AUSTIN",,20250918211212800100171723401098849,20250918TNGDMYNB030OQRmx7aw0d5,DUITNOW_QR_TNGD,150,0,0,150,"",Settlement to Bank T+1
191,19/09/2025,18/09/2025 18:29:27,"FEI FEI CRAB RESTAURANT SUTERA BRANCH",,20250918211212800100171540500861876,20250918TNGDMYNB030OQR7s6al129,DUITNOW_QR_TNGD,156,0,0,156,"",Settlement to Bank T+1
192,19/09/2025,18/09/2025 19:48:56,"FEI FEI CRAB RESTAURANT SUTERA BRANCH",,20250918211212800100171433299917514,20250918ALPCSGSG031OQR97535940,DUITNOW_QR_AQC_CB,322,0,0,322,"",Settlement to Bank T+1
193,19/09/2025,18/09/2025 20:26:41,"FEI FEI CRAB RESTAURANT SUTERA BRANCH",,20250918211212800100171314800682424,20250918OCBCMYKL030OQR34914358,DUITNOW_QR_AQC,360.5,0,0,360.5,"",Settlement to Bank T+1
194,19/09/2025,18/09/2025 20:49:18,"FEI FEI CRAB RESTAURANT AUSTIN",,20250918211212800100171061600961045,20250918SCCHMYKL030OQR01026830,DUITNOW_QR_AQC,178.2,0,0,178.2,"",Settlement to Bank T+1
195,19/09/2025,18/09/2025 20:59:30,"FEI FEI CRAB RESTAURANT AUSTIN",,20250918211212800100171203600403488,20250918TNGDMYNB030OQR8649ab15,DUITNOW_QR_TNGD,109.4,0,0,109.4,"",Settlement to Bank T+1
196,19/09/2025,18/09/2025 21:27:06,"FEI FEI CRAB RESTAURANT SUTERA BRANCH",,20250918211212800100171505500863597,20250918PBBEMYKL030OQR21219610,DUITNOW_QR_AQC,161.1,0,0,161.1,"",Settlement to Bank T+1
197,19/09/2025,18/09/2025 21:47:07,"FEI FEI CRAB RESTAURANT ECO BOTANIC BRANCH",,20250918211212800100171844900359838,20250918ALPCSGSG031OQR97550575,DUITNOW_QR_AQC_CB,596.2,0,0,596.2,"",Settlement to Bank T+1
198,20/09/2025,19/09/2025 15:54:51,"FEIFEICRABHOUSERESTAURANT",,20250919211212800100171393401069384,20250919HLBBMYKL030OQR05541675,DUITNOW_QR_AQC,4.2,0,0,4.2,"",Settlement to Bank T+1
199,20/09/2025,19/09/2025 17:26:24,"FEI FEI CRAB RESTAURANT SUTERA BRANCH",,20250919211212800100171338300812152,20250919HLBBMYKL030OQR05684365,DUITNOW_QR_AQC,131.6,0,0,131.6,"",Settlement to Bank T+1
200,20/09/2025,19/09/2025 18:42:21,"FEI FEI CRAB RESTAURANT AUSTIN",,20250919211212800100171401001248172,20250919TNGDMYNB030OQRo0k0k2cq,DUITNOW_QR_TNGD,107.4,0,0,107.4,"",Settlement to Bank T+1
201,20/09/2025,19/09/2025 22:02:45,"FEI FEI CRAB RESTAURANT ECO BOTANIC BRANCH",,20250919211212800100171495901436928,20250919CIBBMYKL030OQR08154241,DUITNOW_QR_AQC,189,0,0,189,"",Settlement to Bank T+1
202,20/09/2025,19/09/2025 22:34:28,"FEI FEI CRAB RESTAURANT AUSTIN",,20250919211212800100171016300825750,20250919TNGDMYNB030OQR182w7k8w,DUITNOW_QR_TNGD,147.3,0,0,147.3,"",Settlement to Bank T+1
203,21/09/2025,20/09/2025 11:41:48,"FEI FEI CRAB RESTAURANT AUSTIN",,20250920211212800100171113600881283,20250920TNGDMYNB030OQRyqj6f774,DUITNOW_QR_TNGD,7.6,0,0,7.6,"",Settlement to Bank T+1
204,21/09/2025,20/09/2025 13:26:18,"FEI FEI CRAB RESTAURANT AUSTIN",,20250920211212800100171446701109283,20250920TNGDMYNB030OQR6kjp2o04,DUITNOW_QR_TNGD,284.4,0,0,284.4,"",Settlement to Bank T+1
205,21/09/2025,20/09/2025 13:58:52,"FEI FEI CRAB RESTAURANT ECO BOTANIC BRANCH",,20250920211212800100171812001082001,20250920ALPCSGSG031OQR97638013,DUITNOW_QR_AQC_CB,260.5,0,0,260.5,"",Settlement to Bank T+1
206,21/09/2025,20/09/2025 17:02:16,"FEI FEI CRAB RESTAURANT SUTERA BRANCH",,20250920211212800100171244900162279,20250920TNGDMYNB030OQR06094gpd,DUITNOW_QR_TNGD,475.5,0,0,475.5,"",Settlement to Bank T+1
207,21/09/2025,20/09/2025 17:03:10,"FEI FEI CRAB RESTAURANT SUTERA BRANCH",,20250920211212800100171245500106646,20250920TNGDMYNB030OQRtn74kw7m,DUITNOW_QR_TNGD,10,0,0,10,"",Settlement to Bank T+1
208,21/09/2025,20/09/2025 18:19:57,"FEI FEI CRAB RESTAURANT ECO BOTANIC BRANCH",,20250920211212800100171457600830424,20250920NETSSGSG031OQR01734125,DUITNOW_QR_AQC_CB,477.8,0,0,477.8,"",Settlement to Bank T+1
209,21/09/2025,20/09/2025 19:10:50,"FEI FEI CRAB RESTAURANT AUSTIN",,20250920211212800100171086301119040,20250920TNGDMYNB030OQRdai334o2,DUITNOW_QR_TNGD,110.2,0,0,110.2,"",Settlement to Bank T+1
210,21/09/2025,20/09/2025 19:36:40,"FEI FEI CRAB RESTAURANT AUSTIN",,20250920211212800100171917800931001,20250920PBBEMYKL030OQR19307451,DUITNOW_QR_AQC,146.2,0,0,146.2,"",Settlement to Bank T+1
211,21/09/2025,20/09/2025 20:13:28,"FEI FEI CRAB RESTAURANT ECO BOTANIC BRANCH",,20250920211212800100171497701564591,20250920TNGDMYNB030OQR8uzxgop6,DUITNOW_QR_TNGD,539.9,0,0,539.9,"",Settlement to Bank T+1
212,21/09/2025,20/09/2025 20:37:39,"FEI FEI CRAB RESTAURANT SUTERA BRANCH",,20250920211212800100171127200922872,20250920MBBEMYKL030OQR82983840,DUITNOW_QR_AQC,536.4,0,0,536.4,"",Settlement to Bank T+1
213,21/09/2025,20/09/2025 21:01:50,"FEI FEI CRAB RESTAURANT ECO BOTANIC BRANCH",,20250920211212800100171074900542650,20250920TNGDMYNB030OQR60zhx0b9,DUITNOW_QR_TNGD,212.2,0,0,212.2,"",Settlement to Bank T+1
214,21/09/2025,20/09/2025 21:15:32,"FEI FEI CRAB RESTAURANT AUSTIN",,20250920211212800100171109401662776,20250920TNGDMYNB030OQRq110k801,DUITNOW_QR_TNGD,27.1,0,0,27.1,"",Settlement to Bank T+1
215,21/09/2025,20/09/2025 21:31:49,"FEI FEI CRAB RESTAURANT AUSTIN",,20250920211212800100171333500923634,20250920TNGDMYNB030OQRzt4g8db3,DUITNOW_QR_TNGD,215.8,0,0,215.8,"Fei Fei Crab",Settlement to Bank T+1
216,22/09/2025,21/09/2025 14:41:38,"FEI FEI CRAB RESTAURANT SUTERA BRANCH",,20250921211212800100171220601563528,20250921CIBBMYKL030OQR03464929,DUITNOW_QR_AQC,231.1,0,0,231.1,"",Settlement to Bank T+1
217,22/09/2025,21/09/2025 14:44:00,"FEI FEI CRAB RESTAURANT SUTERA BRANCH",,20250921211212800100171506201180495,20250921CIBBMYKL030OQR03484406,DUITNOW_QR_AQC,10,0,0,10,"",Settlement to Bank T+1
218,22/09/2025,21/09/2025 15:13:40,"FEI FEI CRAB RESTAURANT AUSTIN",,20250921211212800100171110701061785,20250921TNGDMYNB030OQRz2sm3e2s,DUITNOW_QR_TNGD,7.6,0,0,7.6,"",Settlement to Bank T+1
219,22/09/2025,21/09/2025 16:05:59,"FEI FEI CRAB RESTAURANT SUTERA BRANCH",,20250921211212800100171357900345015,20250921TNGDMYNB030OQRc24l045u,DUITNOW_QR_TNGD,294.7,0,0,294.7,"",Settlement to Bank T+1
220,22/09/2025,21/09/2025 18:08:14,"FEI FEI CRAB RESTAURANT AUSTIN",,20250921211212800100171034501109067,20250921TNGDMYNB030OQR584nz24g,DUITNOW_QR_TNGD,117,0,0,117,"FeiFeiCrab Delivery fee",Settlement to Bank T+1
221,22/09/2025,21/09/2025 18:45:13,"FEI FEI CRAB RESTAURANT AUSTIN",,20250921211212800100171023901589344,20250921TNGDMYNB030OQR2bobyn5v,DUITNOW_QR_TNGD,168,0,0,168,"crab",Settlement to Bank T+1
222,22/09/2025,21/09/2025 20:20:55,"FEI FEI CRAB RESTAURANT SUTERA BRANCH",,20250921211212800100171280700818965,20250921TNGDMYNB030OQRd9wdei0k,DUITNOW_QR_TNGD,124.7,0,0,124.7,"",Settlement to Bank T+1
223,23/09/2025,22/09/2025 16:09:41,"FEI FEI CRAB RESTAURANT ECO BOTANIC BRANCH",,20250922211212800100171661100440631,20250922CIBBMYKL030OQR04884037,DUITNOW_QR_AQC,491.7,0,0,491.7,"",Settlement to Bank T+1
224,23/09/2025,22/09/2025 17:14:38,"FEI FEI CRAB RESTAURANT AUSTIN",,20250922211212800100171517600884834,20250922TNGDMYNB030OQRwaazs002,DUITNOW_QR_TNGD,100.9,0,0,100.9,"",Settlement to Bank T+1
225,23/09/2025,22/09/2025 20:08:34,"FEI FEI CRAB RESTAURANT ECO BOTANIC BRANCH",,20250922211212800100171599100713751,20250922PBBEMYKL030OQR20024479,DUITNOW_QR_AQC,68.4,0,0,68.4,"",Settlement to Bank T+1
226,23/09/2025,22/09/2025 20:25:55,"FEI FEI CRAB RESTAURANT ECO BOTANIC BRANCH",,20250922211212800100171131300878167,20250922TNGDMYNB030OQR1iyd0q42,DUITNOW_QR_TNGD,45.6,0,0,45.6,"",Settlement to Bank T+1
227,23/09/2025,22/09/2025 20:39:35,"FEI FEI CRAB RESTAURANT ECO BOTANIC BRANCH",,20250922211212800100171042300380716,20250922TNGDMYNB030OQR6r1dc8qx,DUITNOW_QR_TNGD,200.7,0,0,200.7,"",Settlement to Bank T+1
228,23/09/2025,22/09/2025 21:05:29,"FEI FEI CRAB RESTAURANT AUSTIN",,20250922211212800100171982500665712,20250922TNGDMYNB030OQR9403soa0,DUITNOW_QR_TNGD,129.9,0,0,129.9,"",Settlement to Bank T+1
229,23/09/2025,22/09/2025 21:28:34,"FEI FEI CRAB RESTAURANT AUSTIN",,20250922211212800100171743701187280,20250922TNGDMYNB030OQRvhkf8479,DUITNOW_QR_TNGD,117.2,0,0,117.2,"",Settlement to Bank T+1
230,24/09/2025,23/09/2025 19:11:55,"FEI FEI CRAB RESTAURANT AUSTIN",,20250923211212800100171218901524058,20250923TNGDMYNB030OQRw4cld1l7,DUITNOW_QR_TNGD,208.1,0,0,208.1,"Pay",Settlement to Bank T+1
231,24/09/2025,23/09/2025 20:38:37,"FEI FEI CRAB RESTAURANT ECO BOTANIC BRANCH",,20250923211212800100171953601530128,20250923ALPCSGSG031OQR97859512,DUITNOW_QR_AQC_CB,574,0,0,574,"",Settlement to Bank T+1
232,24/09/2025,23/09/2025 23:04:46,"FEIFEICRABHOUSERESTAUR",,20250923211212800100171513901036951,20250923MBBEMYKL030OQR87718920,DUITNOW_QR_AQC,217.7,0,0,217.7,"",Settlement to Bank T+1
233,25/09/2025,24/09/2025 12:39:00,"FEI FEI CRAB RESTAURANT ECO BOTANIC BRANCH",,20250924211212800100171854101213025,20250924PBBEMYKL030OQR12359633,DUITNOW_QR_AQC,140,0,0,140,"",Settlement to Bank T+1
234,25/09/2025,24/09/2025 13:26:32,"FEI FEI CRAB RESTAURANT ECO BOTANIC BRANCH",,20250924211212800100171065901570671,20250924CIBBMYKL030OQR12265402,DUITNOW_QR_AQC,32,0,0,32,"",Settlement to Bank T+1
235,25/09/2025,24/09/2025 13:51:52,"FEI FEI CRAB RESTAURANT ECO BOTANIC BRANCH",,20250924211212800100171288001131427,20250924TNGDMYNB030OQRagp744l6,DUITNOW_QR_TNGD,104.4,0,0,104.4,"",Settlement to Bank T+1
236,25/09/2025,24/09/2025 14:20:04,"FEI FEI CRAB RESTAURANT SUTERA BRANCH",,20250924211212800100171917201401639,20250924TNGDMYNB030OQReyq0s9jo,DUITNOW_QR_TNGD,108.9,0,0,108.9,"",Settlement to Bank T+1
237,25/09/2025,24/09/2025 15:17:35,"FEI FEI CRAB RESTAURANT AUSTIN",,20250924211212800100171111801394776,20250924TNGDMYNB030OQR19c0a5t3,DUITNOW_QR_TNGD,7.6,0,0,7.6,"",Settlement to Bank T+1
238,25/09/2025,24/09/2025 16:35:11,"FEI FEI CRAB RESTAURANT SUTERA BRANCH",,20250924211212800100171202701016919,20250924MBBEMYKL030OQR77019714,DUITNOW_QR_AQC,153.6,0,0,153.6,"",Settlement to Bank T+1
239,25/09/2025,24/09/2025 19:28:10,"FEI FEI CRAB RESTAURANT ECO BOTANIC BRANCH",,20250924211212800100171188402255670,20250924TNGDMYNB030OQR2ocqcgxg,DUITNOW_QR_TNGD,86.8,0,0,86.8,"",Settlement to Bank T+1
240,25/09/2025,24/09/2025 19:46:47,"FEI FEI CRAB RESTAURANT AUSTIN",,20250924211212800100171951101567856,20250924TNGDMYNB030OQRg4z4gyfc,DUITNOW_QR_TNGD,112.9,0,0,112.9,"Biby Chye",Settlement to Bank T+1
241,25/09/2025,24/09/2025 20:04:28,"FEI FEI CRAB RESTAURANT AUSTIN",,20250924211212800100171955201601947,20250924TNGDMYNB030OQR520hws84,DUITNOW_QR_TNGD,537.1,0,0,537.1,"",Settlement to Bank T+1
242,26/09/2025,25/09/2025 14:28:00,"FEI FEI CRAB RESTAURANT ECO BOTANIC BRANCH",,20250925211212800100171483201184978,20250925ALPCSGSG031OQR97979574,DUITNOW_QR_AQC_CB,297.4,0,0,297.4,"",Settlement to Bank T+1
243,26/09/2025,25/09/2025 19:19:09,"FEI FEI CRAB RESTAURANT AUSTIN",,20250925211212800100171740201483982,20250925TNGDMYNB030OQRf2qt0w5f,DUITNOW_QR_TNGD,161.1,0,0,161.1,"",Settlement to Bank T+1
244,26/09/2025,25/09/2025 19:21:20,"FEI FEI CRAB RESTAURANT AUSTIN",,20250925211212800100171744201519041,20250925TNGDMYNB030OQR36s64968,DUITNOW_QR_TNGD,7,0,0,7,"",Settlement to Bank T+1
245,26/09/2025,25/09/2025 21:09:30,"FEI FEI CRAB RESTAURANT AUSTIN",,20250925211212800100171930201626371,20250925MFBBMYKL030OQR55560121,DUITNOW_QR_AQC,13.4,0,0,13.4,"",Settlement to Bank T+1
246,26/09/2025,25/09/2025 21:23:38,"FEI FEI CRAB RESTAURANT SUTERA BRANCH",,20250925211212800100171064901717701,20250925TNGDMYNB030OQRqhme5h14,DUITNOW_QR_TNGD,392.1,0,0,392.1,"",Settlement to Bank T+1
247,26/09/2025,25/09/2025 21:25:34,"FEI FEI CRAB RESTAURANT SUTERA BRANCH",,20250925211212800100171581901491556,20250925TNGDMYNB030OQR0vf79k3o,DUITNOW_QR_TNGD,310.5,0,0,310.5,"",Settlement to Bank T+1
248,27/09/2025,26/09/2025 16:17:56,"FEI FEI CRAB RESTAURANT SUTERA BRANCH",,20250926211212800100171947601488169,20250926TNGDMYNB030OQRcy73x68u,DUITNOW_QR_TNGD,310.2,0,0,310.2,"",Settlement to Bank T+1
249,27/09/2025,26/09/2025 16:50:35,"FEI FEI CRAB RESTAURANT ECO BOTANIC BRANCH",,20250926211212800100171035301620252,20250926HLBBMYKL030OQR12031709,DUITNOW_QR_AQC,154.8,0,0,154.8,"",Settlement to Bank T+1
250,27/09/2025,26/09/2025 19:44:14,"FEI FEI CRAB RESTAURANT AUSTIN",,20250926211212800100171134001390335,20250926PBBEMYKL030OQR19439062,DUITNOW_QR_AQC,337.2,0,0,337.2,"",Settlement to Bank T+1
251,27/09/2025,26/09/2025 21:58:08,"FEI FEI CRAB RESTAURANT AUSTIN",,20250926211212800100171898801485923,20250926TNGDMYNB030OQR6nuk3fz9,DUITNOW_QR_TNGD,95.1,0,0,95.1,"",Settlement to Bank T+1
252,28/09/2025,27/09/2025 13:35:03,"FEI FEI CRAB RESTAURANT ECO BOTANIC BRANCH",,20250927211212800100171777001839093,20250927TNGDMYNB030OQRnj72166t,DUITNOW_QR_TNGD,624.3,0,0,624.3,"",Settlement to Bank T+1
253,28/09/2025,27/09/2025 14:31:15,"FEI FEI CRAB RESTAURANT SUTERA BRANCH",,20250927211212800100171891501528959,20250927TNGDMYNB030OQRd32ja3xa,DUITNOW_QR_TNGD,377.9,0,0,377.9,"",Settlement to Bank T+1
254,28/09/2025,27/09/2025 15:20:33,"FEI FEI CRAB RESTAURANT ECO BOTANIC BRANCH",,20250927211212800100171820501817910,20250927HLBBMYKL030OQR12961426,DUITNOW_QR_AQC,305.3,0,0,305.3,"",Settlement to Bank T+1
255,28/09/2025,27/09/2025 16:35:28,"FEI FEI CRAB RESTAURANT SUTERA BRANCH",,20250927211212800100171532801486575,20250927TNGDMYNB030OQR6bz5q235,DUITNOW_QR_TNGD,294.1,0,0,294.1,"",Settlement to Bank T+1
256,28/09/2025,27/09/2025 17:41:43,"FEI FEI CRAB RESTAURANT ECO BOTANIC BRANCH",,20250927211212800100171159701585056,20250927TNGDMYNB030OQRbqtb3a6o,DUITNOW_QR_TNGD,386.1,0,0,386.1,"",Settlement to Bank T+1
257,28/09/2025,27/09/2025 18:00:14,"FEI FEI CRAB RESTAURANT ECO BOTANIC BRANCH",,20250927211212800100171962201769027,20250927CIBBMYKL030OQR06917170,DUITNOW_QR_AQC,116,0,0,116,"",Settlement to Bank T+1
258,28/09/2025,27/09/2025 18:03:50,"FEI FEI CRAB RESTAURANT AUSTIN",,20250927211212800100171581901712412,20250927TNGDMYNB030OQRx1k38gz0,DUITNOW_QR_TNGD,111.9,0,0,111.9,"",Settlement to Bank T+1
259,28/09/2025,27/09/2025 18:21:32,"FEI FEI CRAB RESTAURANT ECO BOTANIC BRANCH",,20250927211212800100171434200931678,20250927CIBBMYKL030OQR07137956,DUITNOW_QR_AQC,0.6,0,0,0.6,"",Settlement to Bank T+1
260,28/09/2025,27/09/2025 18:23:11,"FEI FEI CRAB RESTAURANT SUTERA BRANCH",,20250927211212800100171201401370034,20250927TNGDMYNB030OQR0prq4t9v,DUITNOW_QR_TNGD,125.2,0,0,125.2,"",Settlement to Bank T+1
261,28/09/2025,27/09/2025 18:33:27,"FEI FEI CRAB RESTAURANT ECO BOTANIC BRANCH",,20250927211212800100171056901188793,20250927CIBBMYKL030OQR07265884,DUITNOW_QR_AQC,847.8,0,0,847.8,"",Settlement to Bank T+1
262,28/09/2025,27/09/2025 18:42:04,"FEI FEI CRAB RESTAURANT ECO BOTANIC BRANCH",,20250927211212800100171825901845171,20250927TNGDMYNB030OQR7uh99sr0,DUITNOW_QR_TNGD,175.2,0,0,175.2,"",Settlement to Bank T+1
263,28/09/2025,27/09/2025 18:44:40,"FEI FEI CRAB RESTAURANT ECO BOTANIC BRANCH",,20250927211212800100171762002161080,20250927CIBBMYKL030OQR07381831,DUITNOW_QR_AQC,116.6,0,0,116.6,"",Settlement to Bank T+1
264,28/09/2025,27/09/2025 19:45:19,"FEI FEI CRAB RESTAURANT SUTERA BRANCH",,20250927211212800100171509001906354,20250927TNGDMYNB030OQRq020k7qn,DUITNOW_QR_TNGD,258.6,0,0,258.6,"",Settlement to Bank T+1
265,28/09/2025,27/09/2025 19:47:03,"FEI FEI CRAB RESTAURANT SUTERA BRANCH",,20250927211212800100171507601864290,20250927TNGDMYNB030OQR7pfrw7ud,DUITNOW_QR_TNGD,9,0,0,9,"",Settlement to Bank T+1
266,28/09/2025,27/09/2025 20:19:06,"FEI FEI CRAB RESTAURANT ECO BOTANIC BRANCH",,20250927211212800100171057501189056,20250927TNGDMYNB030OQRa02006ro,DUITNOW_QR_TNGD,6.4,0,0,6.4,"",Settlement to Bank T+1
267,28/09/2025,27/09/2025 20:39:33,"FEI FEI CRAB RESTAURANT SUTERA BRANCH",,20250927211212800100171947701594752,20250927TNGDMYNB030OQR126cf875,DUITNOW_QR_TNGD,161,0,0,161,"",Settlement to Bank T+1
268,28/09/2025,27/09/2025 21:29:55,"FEI FEI CRAB RESTAURANT ECO BOTANIC BRANCH",,20250927211212800100171381701670752,20250927TNGDMYNB030OQRoz68y26u,DUITNOW_QR_TNGD,75.4,0,0,75.4,"",Settlement to Bank T+1
269,28/09/2025,27/09/2025 21:51:08,"FEI FEI CRAB RESTAURANT ECO BOTANIC BRANCH",,20250927211212800100171952001967883,20250927TNGDMYNB030OQRn0sh7ehy,DUITNOW_QR_TNGD,45.1,0,0,45.1,"",Settlement to Bank T+1
270,28/09/2025,27/09/2025 22:02:03,"FEI FEI CRAB RESTAURANT AUSTIN",,20250927211212800100171142202046119,20250927TNGDMYNB030OQR1zv48x1b,DUITNOW_QR_TNGD,175.2,0,0,175.2,"",Settlement to Bank T+1
271,29/09/2025,28/09/2025 14:23:49,"FEI FEI CRAB RESTAURANT AUSTIN",,20250928211212800100171429002444528,20250928TNGDMYNB030OQRkms324l8,DUITNOW_QR_TNGD,542,0,0,542,"",Settlement to Bank T+1
272,29/09/2025,28/09/2025 15:06:22,"FEI FEI CRAB RESTAURANT ECO BOTANIC BRANCH",,20250928211212800100171372402243642,20250928TNGDMYNB030OQR9iix810m,DUITNOW_QR_TNGD,347.4,0,0,347.4,"",Settlement to Bank T+1
273,29/09/2025,28/09/2025 15:46:33,"FEI FEI CRAB RESTAURANT ECO BOTANIC BRANCH",,20250928211212800100171224402388258,20250928TNGDMYNB030OQR0z6qk4bt,DUITNOW_QR_TNGD,506.7,0,0,506.7,"",Settlement to Bank T+1
274,29/09/2025,28/09/2025 17:07:39,"FEI FEI CRAB RESTAURANT SUTERA BRANCH",,20250928211212800100171334901839866,20250928TNGDMYNB030OQR8c058a6w,DUITNOW_QR_TNGD,270.3,0,0,270.3,"",Settlement to Bank T+1
275,29/09/2025,28/09/2025 17:56:34,"FEI FEI CRAB RESTAURANT ECO BOTANIC BRANCH",,20250928211212800100171928000948563,20250928TNGDMYNB030OQR7a2467az,DUITNOW_QR_TNGD,55.8,0,0,55.8,"",Settlement to Bank T+1
276,29/09/2025,28/09/2025 17:58:25,"FEI FEI CRAB RESTAURANT AUSTIN",,20250928211212800100171116601832433,20250928TNGDMYNB030OQR5ymgk1t7,DUITNOW_QR_TNGD,7.6,0,0,7.6,"",Settlement to Bank T+1
277,29/09/2025,28/09/2025 18:15:12,"FEI FEI CRAB RESTAURANT SUTERA BRANCH",,20250928211212800100171995201408853,20250928TNGDMYNB030OQRisp2rucb,DUITNOW_QR_TNGD,125.6,0,0,125.6,"",Settlement to Bank T+1
278,29/09/2025,28/09/2025 19:24:37,"FEI FEI CRAB RESTAURANT ECO BOTANIC BRANCH",,20250928211212800100171921400956679,20250928TNGDMYNB030OQRq05o7826,DUITNOW_QR_TNGD,960.4,0,0,960.4,"",Settlement to Bank T+1
279,29/09/2025,28/09/2025 20:00:27,"FEI FEI CRAB RESTAURANT ECO BOTANIC BRANCH",,20250928211212800100171053001289612,20250928TNGDMYNB030OQReu7fw74y,DUITNOW_QR_TNGD,466.3,0,0,466.3,"",Settlement to Bank T+1
280,29/09/2025,28/09/2025 20:21:36,"FEI FEI CRAB RESTAURANT SUTERA BRANCH",,20250928211212800100171772401955938,20250928TNGDMYNB030OQRcf6gp6z0,DUITNOW_QR_TNGD,179.2,0,0,179.2,"",Settlement to Bank T+1
281,29/09/2025,28/09/2025 20:52:04,"FEI FEI CRAB RESTAURANT ECO BOTANIC BRANCH",,20250928211212800100171911001888325,20250928TNGDMYNB030OQRo2u4278x,DUITNOW_QR_TNGD,788.8,0,0,788.8,"",Settlement to Bank T+1
282,29/09/2025,28/09/2025 21:43:50,"FEI FEI CRAB RESTAURANT SUTERA BRANCH",,20250928211212800100171723402297295,20250928PBBEMYKL030OQR21463876,DUITNOW_QR_AQC,402.5,0,0,402.5,"",Settlement to Bank T+1
283,30/09/2025,29/09/2025 13:38:24,"FEI FEI CRAB RESTAURANT SUTERA BRANCH",,20250929211212800100171430701151516,20250929TNGDMYNB030OQR8n1ej3ss,DUITNOW_QR_TNGD,193.6,0,0,193.6,"",Settlement to Bank T+1
284,30/09/2025,29/09/2025 15:20:00,"FEI FEI CRAB RESTAURANT AUSTIN",,20250929211212800100171698101930691,20250929TNGDMYNB030OQRv24spwtd,DUITNOW_QR_TNGD,241.1,0,0,241.1,"crab",Settlement to Bank T+1
285,30/09/2025,29/09/2025 15:33:15,"FEI FEI CRAB RESTAURANT SUTERA BRANCH",,20250929211212800100171727502392311,20250929HLBBMYKL030OQR14874704,DUITNOW_QR_AQC,140.2,0,0,140.2,"",Settlement to Bank T+1
286,30/09/2025,29/09/2025 16:57:07,"FEI FEI CRAB RESTAURANT SUTERA BRANCH",,20250929211212800100171154301772489,20250929TNGDMYNB030OQR61ttd047,DUITNOW_QR_TNGD,444.5,0,0,444.5,"",Settlement to Bank T+1
287,30/09/2025,29/09/2025 17:01:47,"FEI FEI CRAB RESTAURANT AUSTIN",,20250929211212800100171835702046909,20250929SCCHMYKL030OQR01727417,DUITNOW_QR_AQC,426.8,0,0,426.8,"",Settlement to Bank T+1
288,30/09/2025,29/09/2025 18:15:08,"FEI FEI CRAB RESTAURANT SUTERA BRANCH",,20250929211212800100171872802137840,20250929MBBEMYKL030OQR80028147,DUITNOW_QR_AQC,94.9,0,0,94.9,"",Settlement to Bank T+1
289,30/09/2025,29/09/2025 18:15:51,"FEI FEI CRAB RESTAURANT SUTERA BRANCH",,20250929211212800100171549102077130,20250929TNGDMYNB030OQR7xjj21q5,DUITNOW_QR_TNGD,355.1,0,0,355.1,"",Settlement to Bank T+1
290,30/09/2025,29/09/2025 19:52:56,"FEI FEI CRAB RESTAURANT ECO BOTANIC BRANCH",,20250929211212800100171634102205866,20250929TNGDMYNB030OQR7jh7ix2v,DUITNOW_QR_TNGD,118.9,0,0,118.9,"",Settlement to Bank T+1
291,30/09/2025,29/09/2025 20:06:16,"FEI FEI CRAB RESTAURANT ECO BOTANIC BRANCH",,20250929211212800100171828202079352,20250929TNGDMYNB030OQRlw716770,DUITNOW_QR_TNGD,186.8,0,0,186.8,"",Settlement to Bank T+1
292,30/09/2025,29/09/2025 21:13:56,"FEI FEI CRAB RESTAURANT AUSTIN",,20250929211212800100171272101657454,20250929TNGDMYNB030OQRzjw686m5,DUITNOW_QR_TNGD,27.1,0,0,27.1,"",Settlement to Bank T+1
293,30/09/2025,29/09/2025 21:29:10,"FEI FEI CRAB RESTAURANT SUTERA BRANCH",,20250929211212800100171418101849009,20250929RHBBMYKL030OQR57686419,DUITNOW_QR_AQC,251.8,0,0,251.8,"",Settlement to Bank T+1
294,30/09/2025,29/09/2025 21:47:58,"FEI FEI CRAB RESTAURANT SUTERA BRANCH",,20250929211212800100171975201351638,20250929TNGDMYNB030OQR8ywom6hk,DUITNOW_QR_TNGD,298,0,0,298,"",Settlement to Bank T+1
295,30/09/2025,29/09/2025 21:59:33,"FEI FEI CRAB RESTAURANT ECO BOTANIC BRANCH",,20250929211212800100171221702509380,20250929ALPCSGSG031OQR98315432,DUITNOW_QR_AQC_CB,417.3,0,0,417.3,"",Settlement to Bank T+1
296,01/10/2025,30/09/2025 16:32:04,"FEI FEI CRAB RESTAURANT ECO BOTANIC BRANCH",,20250930211212800100171894401901616,20250930TNGDMYNB030OQR1rr91h6f,DUITNOW_QR_TNGD,160.4,0,0,160.4," Na",Settlement to Bank T+1
297,01/10/2025,30/09/2025 16:54:09,"FEI FEI CRAB RESTAURANT ECO BOTANIC BRANCH",,20250930211212800100171136201752392,20250930TNGDMYNB030OQRyu18ek7f,DUITNOW_QR_TNGD,148.5,0,0,148.5,"",Settlement to Bank T+1
298,01/10/2025,30/09/2025 17:14:50,"FEI FEI CRAB RESTAURANT ECO BOTANIC BRANCH",,20250930211212800100171971201433044,20250930TNGDMYNB030OQRe07o8st4,DUITNOW_QR_TNGD,161,0,0,161,"",Settlement to Bank T+1
299,01/10/2025,30/09/2025 17:15:38,"FEI FEI CRAB RESTAURANT AUSTIN",,20250930211212800100171696602083347,20250930TNGDMYNB030OQR5r0z1atv,DUITNOW_QR_TNGD,372.3,0,0,372.3,"",Settlement to Bank T+1
300,01/10/2025,30/09/2025 18:46:22,"FEI FEI CRAB RESTAURANT ECO BOTANIC BRANCH",,20250930211212800100171942001960912,20250930PBBEMYKL030OQR18487345,DUITNOW_QR_AQC,70,0,0,70,"",Settlement to Bank T+1
301,01/10/2025,30/09/2025 18:50:27,"FEI FEI CRAB RESTAURANT ECO BOTANIC BRANCH",,20250930211212800100171551701431508,20250930TNGDMYNB030OQRdr7ve6n2,DUITNOW_QR_TNGD,2.1,0,0,2.1,"",Settlement to Bank T+1
302,01/10/2025,30/09/2025 19:15:14,"FEI FEI CRAB RESTAURANT ECO BOTANIC BRANCH",,20250930211212800100171866002292989,20250930TNGDMYNB030OQR7jz6bd4z,DUITNOW_QR_TNGD,331.8,0,0,331.8,"",Settlement to Bank T+1
303,01/10/2025,30/09/2025 19:21:26,"FEI FEI CRAB RESTAURANT SUTERA BRANCH",,20250930211212800100171257902638459,20250930TNGDMYNB030OQRqsm4ragr,DUITNOW_QR_TNGD,139.2,0,0,139.2,"",Settlement to Bank T+1
304,01/10/2025,30/09/2025 19:49:08,"FEI FEI CRAB RESTAURANT SUTERA BRANCH",,20250930211212800100171360901698896,20250930TNGDMYNB030OQR1140oomq,DUITNOW_QR_TNGD,130.5,0,0,130.5,"",Settlement to Bank T+1
305,01/10/2025,30/09/2025 20:02:22,"FEI FEI CRAB RESTAURANT SUTERA BRANCH",,20250930211212800100171778302159484,20250930TNGDMYNB030OQR5srqvwt9,DUITNOW_QR_TNGD,186.8,0,0,186.8,"",Settlement to Bank T+1
306,01/10/2025,30/09/2025 20:35:11,"FEI FEI CRAB RESTAURANT ECO BOTANIC BRANCH",,20250930211212800100171456202012560,20250930TNGDMYNB030OQR6fyre20f,DUITNOW_QR_TNGD,7,0,0,7,"",Settlement to Bank T+1
307,01/10/2025,30/09/2025 20:36:52,"FEI FEI CRAB RESTAURANT SUTERA BRANCH",,20250930211212800100171726302534100,20250930UOVBMYKL030OQR08240267,DUITNOW_QR_AQC,276.1,0,0,276.1,"",Settlement to Bank T+1
308,01/10/2025,30/09/2025 20:48:32,"FEI FEI CRAB RESTAURANT ECO BOTANIC BRANCH",,20250930211212800100171014402005168,20250930MBBEMYKL030OQR82129392,DUITNOW_QR_AQC,140.4,0,0,140.4,"",Settlement to Bank T+1
309,01/10/2025,30/09/2025 21:02:43,"FEI FEI CRAB RESTAURANT AUSTIN",,20250930211212800100171554201413874,20250930TNGDMYNB030OQRu3w5jbep,DUITNOW_QR_TNGD,140.1,0,0,140.1,"",Settlement to Bank T+1
310,01/10/2025,30/09/2025 21:10:13,"FEI FEI CRAB RESTAURANT SUTERA BRANCH",,20250930211212800100171116702116534,20250930MBBEMYKL030OQR72689545,DUITNOW_QR_AQC,383.6,0,0,383.6,"",Settlement to Bank T+1
311,01/10/2025,30/09/2025 21:17:17,"FEI FEI CRAB RESTAURANT ECO BOTANIC BRANCH",,20250930211212800100171795202240714,20250930TNGDMYNB030OQR82n6ludw,DUITNOW_QR_TNGD,186.5,0,0,186.5,"",Settlement to Bank T+1
312,01/10/2025,30/09/2025 21:41:49,"FEI FEI CRAB RESTAURANT SUTERA BRANCH",,20250930211212800100171410901994610,20250930TNGDMYNB030OQRq72617jr,DUITNOW_QR_TNGD,276.1,0,0,276.1,"",Settlement to Bank T+1
313,01/10/2025,30/09/2025 21:42:04,"FEI FEI CRAB RESTAURANT AUSTIN",,20250930211212800100171525202282660,20250930CIBBMYKL030OQR10732624,DUITNOW_QR_AQC,110.2,0,0,110.2,"",Settlement to Bank T+1
,,,,,,,Total:,74954.3,0,0,74954.3
